
> dempfrontend@0.1.0 test
> vitest run tests/unit/AdminOperations.spec.js tests/unit/RecruitmentDateTimeField.spec.js


[1m[30m[46m RUN [49m[39m[22m [36mv5.0.2 [39m[90m/Users/seungmin/Desktop/repo/archive/demp/.worktrees/announcement-catalog-and-discovery/frontend[39m

 [32m✓[39m tests/unit/RecruitmentDateTimeField.spec.js [2m([22m[2m4 tests[22m[2m)[22m[32m 47[2mms[22m[39m
 [31m❯[39m tests/unit/AdminOperations.spec.js [2m([22m[2m25 tests[22m[2m | [22m[31m1 failed[39m[2m)[22m[33m 774[2mms[22m[39m
   [32m✓[39m 현황은 서버 집계를 표시하고 실패 뒤 재시도한다[32m 28[2mms[22m[39m
   [32m✓[39m 공고 삭제는 확인 뒤에만 요청하고 취소하면 원본 목록을 유지한다[32m 11[2mms[22m[39m
   [32m✓[39m 기존 HTML 질문을 Markdown으로 불러와 안전한 HTML로 저장하며 중복 제출을 막는다[32m 28[2mms[22m[39m
   [32m✓[39m 공고 수정은 기존 HTML과 필드를 복원하고 파일을 선택하지 않으면 image를 보내지 않는다[32m 77[2mms[22m[39m
   [32m✓[39m 관리자 저장의 400 오류는 입력값 안내를 표시하고 작성 내용을 보존한다[32m 7[2mms[22m[39m
   [32m✓[39m 검색으로 숨겨진 선택도 요약에서 한 번 눌러 해제하고 남은 값만 저장한다[32m 47[2mms[22m[39m
   [32m✓[39m 검색 결과가 없어도 검색을 바로 초기화하고 기존 선택을 유지한다[32m 30[2mms[22m[39m
   [32m✓[39m 저장 중에는 선택 요약에서도 해제를 막아 제출한 값을 보존한다[32m 37[2mms[22m[39m
   [32m✓[39m 확장된 스택과 직무를 수정 폼에서 복원하고 선택·저장해 기존 값과 함께 보존한다[32m 39[2mms[22m[39m
   [32m✓[39m 공고 폼은 기본·모집·내용·출처·게시를 읽는 순서대로 구분한다[32m 13[2mms[22m[39m
[31m   [31m×[31m 앱 달력은 기존 선택 날짜로 열리고 월 이동·날짜 선택 시 기존 시·분을 보존한다[39m[32m 52[2mms[22m[39m
   [32m✓[39m 달력의 방향키는 날짜를 이동하고 Escape는 값을 바꾸지 않고 여는 버튼에 초점을 돌린다[32m 38[2mms[22m[39m
   [32m✓[39m 달력은 윤년 2월 29일을 선택하고 저장 중에는 날짜 입력과 달력 열기를 막는다[32m 34[2mms[22m[39m
   [32m✓[39m 고용 형태 REGULAR를 모집 대상과 따로 복원하고 저장한다[32m 34[2mms[22m[39m
   [32m✓[39m 고용 형태 CONTRACT를 모집 대상과 따로 복원하고 저장한다[32m 27[2mms[22m[39m
   [32m✓[39m 고용 형태 CONVERSION_INTERNSHIP를 모집 대상과 따로 복원하고 저장한다[32m 28[2mms[22m[39m
   [32m✓[39m 고용 형태 EXPERIENTIAL_INTERNSHIP를 모집 대상과 따로 복원하고 저장한다[32m 31[2mms[22m[39m
   [32m✓[39m 기존 공고의 고용 형태는 미확인으로 복원하며 명시한 형태도 다시 비울 수 있다[32m 28[2mms[22m[39m
   [32m✓[39m 고용 형태 저장 실패에는 선택과 입력을 보존하고 교육 전환 시 채용 값과 필드를 비운다[32m 34[2mms[22m[39m
   [32m✓[39m 공고 multipart는 채용 고용 형태만 보내며 교육 값과 미확인을 임의 추정하지 않는다[32m 0[2mms[22m[39m
   [32m✓[39m 기술 스택은 선택 칩 전체를 눌러 선택·해제하고 같은 값으로 저장한다[32m 34[2mms[22m[39m
   [32m✓[39m 저장 중 기술 스택 칩은 비활성이고 선택과 중복 요청을 바꾸지 않는다[32m 38[2mms[22m[39m
   [32m✓[39m 변경 이력은 원래 순서와 모든 표시 값을 보존하고 날짜·작성자·상태와 제목을 분리한다[32m 22[2mms[22m[39m
   [32m✓[39m 기존 초를 입력 화면에서는 숨기고 날짜를 바꾸지 않은 저장에서는 보존한다[32m 27[2mms[22m[39m
   [32m✓[39m 시각을 직접 바꾸면 입력한 분 단위를 저장하고 다른 날짜의 초는 보존한다[32m 30[2mms[22m[39m

[31m⎯⎯⎯⎯⎯⎯⎯[39m[1m[41m Failed Tests 1 [49m[22m[31m⎯⎯⎯⎯⎯⎯⎯[39m

[41m[1m FAIL [22m[49m tests/unit/AdminOperations.spec.js[2m > [22m앱 달력은 기존 선택 날짜로 열리고 월 이동·날짜 선택 시 기존 시·분을 보존한다
[31m[1mAssertionError[22m: expected <body><div data-v-app>…(3)</div></body> to be <button data-v-060c96e1 …(5)></button> // Object.is equality[39m

[32m- Expected[39m
[31m+ Received[39m

[31m+ <body>[39m
[31m+   <div[39m
[31m+     data-v-app=""[39m
[31m+   >[39m
[31m+     [39m
[31m+     <!--v-if-->[39m
[31m+     [39m
[31m+     <div[39m
[31m+       class="admin-section-heading"[39m
[31m+       data-v-3591b8ac=""[39m
[31m+     >[39m
[31m+       <div[39m
[31m+         data-v-3591b8ac=""[39m
[31m+       >[39m
[31m+         <h2[39m
[31m+           data-v-3591b8ac=""[39m
[31m+         >[39m
[31m+           공고 내용·수정[39m
[31m+         </h2>[39m
[31m+         <p[39m
[31m+           data-v-3591b8ac=""[39m
[31m+         >[39m
[31m+           채용 공고와 교육·부트캠프를 관리하세요.[39m
[31m+         </p>[39m
[31m+       </div>[39m
[31m+       <a[39m
[31m+         class="button button-secondary"[39m
[31m+         data-v-3591b8ac=""[39m
[31m+       >[39m
[31m+         [39m
[31m+         목록[39m
[31m+         [39m
[31m+       </a>[39m
[31m+     </div>[39m
[31m+     <form[39m
[31m+       class="write-form announcement-admin-form"[39m
[31m+       data-v-3591b8ac=""[39m
[31m+     >[39m
[31m+       <fieldset[39m
[31m+         class="announcement-form-section"[39m
[31m+         data-v-3591b8ac=""[39m
[31m+       >[39m
[31m+         <legend[39m
[31m+           data-v-3591b8ac=""[39m
[31m+         >[39m
[31m+           기본 정보[39m
[31m+         </legend>[39m
[31m+         <p[39m
[31m+           class="section-help"[39m
[31m+           data-v-3591b8ac=""[39m
[31m+         >[39m
[31m+           목록에서 보이는 제목과 회사·교육기관, 공고 종류를 입력하세요.[39m
[31m+         </p>[39m
[31m+         <div[39m
[31m+           class="form-grid"[39m
[31m+           data-v-3591b8ac=""[39m
[31m+         >[39m
[31m+           [39m
[31m+           <div[39m
[31m+             class="field"[39m
[31m+             data-v-3591b8ac=""[39m
[31m+           >[39m
[31m+             <label[39m
[31m+               data-v-3591b8ac=""[39m
[31m+               for="admin-title"[39m
[31m+             >[39m
[31m+               제목[39m
[31m+             </label>[39m
[31m+             <input[39m
[31m+               aria-invalid="false"[39m
[31m+               data-v-3591b8ac=""[39m
[31m+               id="admin-title"[39m
[31m+               required=""[39m
[31m+               type="text"[39m
[31m+             />[39m
[31m+             <!--v-if-->[39m
[31m+           </div>[39m
[31m+           <div[39m
[31m+             class="field"[39m
[31m+             data-v-3591b8ac=""[39m
[31m+           >[39m
[31m+             <label[39m
[31m+               data-v-3591b8ac=""[39m
[31m+               for="admin-company"[39m
[31m+             >[39m
[31m+               회사·교육기관[39m
[31m+             </label>[39m
[31m+             <input[39m
[31m+               aria-invalid="false"[39m
[31m+               data-v-3591b8ac=""[39m
[31m+               id="admin-company"[39m
[31m+               required=""[39m
[31m+               type="text"[39m
[31m+             />[39m
[31m+             <!--v-if-->[39m
[31m+           </div>[39m
[31m+           [39m
[31m+           <div[39m
[31m+             class="field"[39m
[31m+             data-v-3591b8ac=""[39m
[31m+           >[39m
[31m+             <label[39m
[31m+               data-v-3591b8ac=""[39m
[31m+               for="admin-type"[39m
[31m+             >[39m
[31m+               공고 종류[39m
[31m+             </label>[39m
[31m+             <select[39m
[31m+               data-v-3591b8ac=""[39m
[31m+               id="admin-type"[39m
[31m+               required=""[39m
[31m+             >[39m
[31m+               <option[39m
[31m+                 data-v-3591b8ac=""[39m
[31m+                 value="EMP"[39m
[31m+               >[39m
[31m+                 채용[39m
[31m+               </option>[39m
[31m+               <option[39m
[31m+                 data-v-3591b8ac=""[39m
[31m+                 value="EDU"[39m
[31m+               >[39m
[31m+                 교육·부트캠프[39m
[31m+               </option>[39m
[31m+             </select>[39m
[31m+           </div>[39m
[31m+           <div[39m
[31m+             class="field"[39m
[31m+             data-v-3591b8ac=""[39m
[31m+           >[39m
[31m+             <label[39m
[31m+               data-v-3591b8ac=""[39m
[31m+               for="admin-position"[39m
[31m+             >[39m
[31m+               분야[39m
[31m+             </label>[39m
[31m+             <select[39m
[31m+               data-v-3591b8ac=""[39m
[31m+               id="admin-position"[39m
[31m+               required=""[39m
[31m+             >[39m
[31m+               <option[39m
[31m+                 data-v-3591b8ac=""[39m
[31m+                 value=""[39m
[31m+               >[39m
[31m+                 분야 선택[39m
[31m+               </option>[39m
[31m+               [39m
[31m+               <option[39m
[31m+                 data-v-3591b8ac=""[39m
[31m+                 value="BACKEND"[39m
[31m+               >[39m
[31m+                 백엔드[39m
[31m+               </option>[39m
[31m+               <option[39m
[31m+                 data-v-3591b8ac=""[39m
[31m+                 value="FRONTEND"[39m
[31m+               >[39m
[31m+                 프론트엔드[39m
[31m+               </option>[39m
[31m+               <option[39m
[31m+                 data-v-3591b8ac=""[39m
[31m+                 value="FULLSTACK"[39m
[31m+               >[39m
[31m+                 풀스택[39m
[31m+               </option>[39m
[31m+               <option[39m
[31m+                 data-v-3591b8ac=""[39m
[31m+                 value="ANDROID"[39m
[31m+               >[39m
[31m+                 안드로이드[39m
[31m+               </option>[39m
[31m+               <option[39m
[31m+                 data-v-3591b8ac=""[39m
[31m+                 value="IOS"[39m
[31m+               >[39m
[31m+                 iOS[39m
[31m+               </option>[39m
[31m+               <option[39m
[31m+                 data-v-3591b8ac=""[39m
[31m+                 value="MACHINE_LEARNING"[39m
[31m+               >[39m
[31m+                 머신러닝[39m
[31m+               </option>[39m
[31m+               <option[39m
[31m+                 data-v-3591b8ac=""[39m
[31m+                 value="AI"[39m
[31m+               >[39m
[31m+                 인공지능[39m
[31m+               </option>[39m
[31m+               <option[39m
[31m+                 data-v-3591b8ac=""[39m
[31m+                 value="DATA_ENGINEER"[39m
[31m+               >[39m
[31m+                 데이터 엔지니어[39m
[31m+               </option>[39m
[31m+               <option[39m
[31m+                 data-v-3591b8ac=""[39m
[31m+                 value="MOBILE_GAME"[39m
[31m+               >[39m
[31m+                 모바일 게임[39m
[31m+               </option>[39m
[31m+               <option[39m
[31m+                 data-v-3591b8ac=""[39m
[31m+                 value="GAME_CLIENT"[39m
[31m+               >[39m
[31m+                 게임 클라이언트[39m
[31m+               </option>[39m
[31m+               <option[39m
[31m+                 data-v-3591b8ac=""[39m
[31m+                 value="GAME_SERVER"[39m
[31m+               >[39m
[31m+                 게임 서버[39m
[31m+               </option>[39m
[31m+               <option[39m
[31m+                 data-v-3591b8ac=""[39m
[31m+                 value="SYSTEM_NETWORK"[39m
[31m+               >[39m
[31m+                 시스템·네트워크[39m
[31m+               </option>[39m
[31m+               <option[39m
[31m+                 data-v-3591b8ac=""[39m
[31m+                 value="SYSTEM_SOFTWARE"[39m
[31m+               >[39m
[31m+                 시스템 소프트웨어[39m
[31m+               </option>[39m
[31m+               <option[39m
[31m+                 data-v-3591b8ac=""[39m
[31m+                 value="DEVOPS"[39m
[31m+               >[39m
[31m+                 데브옵스[39m
[31m+               </option>[39m
[31m+               <option[39m
[31m+                 data-v-3591b8ac=""[39m
[31m+                 value="INTERNET_SECURITY"[39m
[31m+               >[39m
[31m+                 정보보안[39m
[31m+               </option>[39m
[31m+               <option[39m
[31m+                 data-v-3591b8ac=""[39m
[31m+                 value="EMBEDDED_SOFTWARE"[39m
[31m+               >[39m
[31m+                 임베디드[39m
[31m+               </option>[39m
[31m+               <option[39m
[31m+                 data-v-3591b8ac=""[39m
[31m+                 value="ROBOTIC_MIDDLEWARE"[39m
[31m+               >[39m
[31m+                 로봇 미들웨어[39m
[31m+               </option>[39m
[31m+               <option[39m
[31m+                 data-v-3591b8ac=""[39m
[31m+                 value="QA"[39m
[31m+               >[39m
[31m+                 QA[39m
[31m+               </option>[39m
[31m+               <option[39m
[31m+                 data-v-3591b8ac=""[39m
[31m+                 value="IOT"[39m
[31m+               >[39m
[31m+                 사물인터넷[39m
[31m+               </option>[39m
[31m+               <option[39m
[31m+                 data-v-3591b8ac=""[39m
[31m+                 value="APPLICATION_PROGRAM"[39m
[31m+               >[39m
[31m+                 응용 프로그램[39m
[31m+               </option>[39m
[31m+               <option[39m
[31m+                 data-v-3591b8ac=""[39m
[31m+                 value="BLOCK_CHAIN"[39m
[31m+               >[39m
[31m+                 블록체인[39m
[31m+               </option>[39m
[31m+               <option[39m
[31m+                 data-v-3591b8ac=""[39m
[31m+                 value="DATA_SCIENTIST"[39m
[31m+               >[39m
[31m+                 데이터 사이언티스트[39m
[31m+               </option>[39m
[31m+               <option[39m
[31m+                 data-v-3591b8ac=""[39m
[31m+                 value="DATA_ANALYST"[39m
[31m+               >[39m
[31m+                 데이터 분석가[39m
[31m+               </option>[39m
[31m+               <option[39m
[31m+                 data-v-3591b8ac=""[39m
[31m+                 value="DATABASE_ADMIN"[39m
[31m+               >[39m
[31m+                 DBA[39m
[31m+               </option>[39m
[31m+               <option[39m
[31m+                 data-v-3591b8ac=""[39m
[31m+                 value="CLOUD_ENGINEER"[39m
[31m+               >[39m
[31m+                 클라우드 엔지니어[39m
[31m+               </option>[39m
[31m+               <option[39m
[31m+                 data-v-3591b8ac=""[39m
[31m+                 value="PLATFORM_ENGINEER"[39m
[31m+               >[39m
[31m+                 플랫폼 엔지니어[39m
[31m+               </option>[39m
[31m+               <option[39m
[31m+                 data-v-3591b8ac=""[39m
[31m+                 value="SRE"[39m
[31m+               >[39m
[31m+                 SRE[39m
[31m+               </option>[39m
[31m+               <option[39m
[31m+                 data-v-3591b8ac=""[39m
[31m+                 value="MLOPS"[39m
[31m+               >[39m
[31m+                 MLOps[39m
[31m+               </option>[39m
[31m+               <option[39m
[31m+                 data-v-3591b8ac=""[39m
[31m+                 value="WEB_PUBLISHER"[39m
[31m+               >[39m
[31m+                 웹 퍼블리셔[39m
[31m+               </option>[39m
[31m+               <option[39m
[31m+                 data-v-3591b8ac=""[39m
[31m+                 value="GAME_ENGINE"[39m
[31m+               >[39m
[31m+                 게임 엔진[39m
[31m+               </option>[39m
[31m+               <option[39m
[31m+                 data-v-3591b8ac=""[39m
[31m+                 value="AI_RESEARCH"[39m
[31m+               >[39m
[31m+                 AI 연구[39m
[31m+               </option>[39m
[31m+               [39m
[31m+             </select>[39m
[31m+             <!--v-if-->[39m
[31m+           </div>[39m
[31m+         </div>[39m
[31m+         <fieldset[39m
[31m+           class="field technology-selector"[39m
[31m+           data-v-3591b8ac=""[39m
[31m+           data-v-47193efe=""[39m
[31m+         >[39m
[31m+           <legend[39m
[31m+             data-v-47193efe=""[39m
[31m+           >[39m
[31m+             기술 스택 [39m
[31m+             <span[39m
[31m+               class="technology-selection-count"[39m
[31m+               data-v-47193efe=""[39m
[31m+             >[39m
[31m+               1개 선택[39m
[31m+             </span>[39m
[31m+           </legend>[39m
[31m+           <p[39m
[31m+             class="technology-help"[39m
[31m+             data-v-47193efe=""[39m
[31m+             id="technology-selection-help"[39m
[31m+           >[39m
[31m+             공고에 쓰인 기술을 선택하세요. 여러 분야를 함께 선택할 수 있습니다.[39m
[31m+           </p>[39m
[31m+           <div[39m
[31m+             class="technology-search"[39m
[31m+             data-v-47193efe=""[39m
[31m+           >[39m
[31m+             <input[39m
[31m+               aria-describedby="technology-selection-help"[39m
[31m+               aria-label="관리자 기술 스택 검색"[39m
[31m+               data-v-47193efe=""[39m
[31m+               placeholder="기술 이름으로 찾기"[39m
[31m+               type="search"[39m
[31m+             />[39m
[31m+             <!--v-if-->[39m
[31m+           </div>[39m
[31m+           <div[39m
[31m+             aria-label="선택한 기술 스택"[39m
[31m+             class="technology-summary"[39m
[31m+             data-v-47193efe=""[39m
[31m+           >[39m
[31m+             <span[39m
[31m+               class="technology-summary-label"[39m
[31m+               data-v-47193efe=""[39m
[31m+             >[39m
[31m+               선택한 기술[39m
[31m+             </span>[39m
[31m+             <div[39m
[31m+               class="selected-technologies"[39m
[31m+               data-v-47193efe=""[39m
[31m+             >[39m
[31m+               [39m
[31m+               <button[39m
[31m+                 aria-label="Java 선택 해제"[39m
[31m+                 data-v-47193efe=""[39m
[31m+                 type="button"[39m
[31m+               >[39m
[31m+                 Java[39m
[31m+                 <span[39m
[31m+                   aria-hidden="true"[39m
[31m+                   data-v-47193efe=""[39m
[31m+                 >[39m
[31m+                   ×[39m
[31m+                 </span>[39m
[31m+               </button>[39m
[31m+               [39m
[31m+             </div>[39m
[31m+           </div>[39m
[31m+           <div[39m
[31m+             class="technology-groups"[39m
[31m+             data-v-47193efe=""[39m
[31m+           >[39m
[31m+             [39m
[31m+             <fieldset[39m
[31m+               class="technology-group"[39m
[31m+               data-v-47193efe=""[39m
[31m+             >[39m
[31m+               <legend[39m
[31m+                 data-v-47193efe=""[39m
[31m+               >[39m
[31m+                 언어[39m
[31m+               </legend>[39m
[31m+               <div[39m
[31m+                 class="technology-options"[39m
[31m+                 data-v-47193efe=""[39m
[31m+               >[39m
[31m+                 [39m
[31m+                 <label[39m
[31m+                   class="technology-choice is-selected"[39m
[31m+                   data-v-47193efe=""[39m
[31m+                 >[39m
[31m+                   <input[39m
[31m+                     checked=""[39m
[31m+                     data-v-47193efe=""[39m
[31m+                     type="checkbox"[39m
[31m+                     value="JAVA"[39m
[31m+                   />[39m
[31m+                   <span[39m
[31m+                     data-v-47193efe=""[39m
[31m+                   >[39m
[31m+                     Java[39m
[31m+                   </span>[39m
[31m+                 </label>[39m
[31m+                 <label[39m
[31m+                   class="technology-choice"[39m
[31m+                   data-v-47193efe=""[39m
[31m+                 >[39m
[31m+                   <input[39m
[31m+                     data-v-47193efe=""[39m
[31m+                     type="checkbox"[39m
[31m+                     value="KOTLIN"[39m
[31m+                   />[39m
[31m+                   <span[39m
[31m+                     data-v-47193efe=""[39m
[31m+                   >[39m
[31m+                     Kotlin[39m
[31m+                   </span>[39m
[31m+                 </label>[39m
[31m+                 <label[39m
[31m+                   class="technology-choice"[39m
[31m+                   data-v-47193efe=""[39m
[31m+                 >[39m
[31m+                   <input[39m
[31m+                     data-v-47193efe=""[39m
[31m+                     type="checkbox"[39m
[31m+                     value="JAVASCRIPT"[39m
[31m+                   />[39m
[31m+                   <span[39m
[31m+                     data-v-47193efe=""[39m
[31m+                   >[39m
[31m+                     JavaScript[39m
[31m+                   </span>[39m
[31m+                 </label>[39m
[31m+                 <label[39m
[31m+                   class="technology-choice"[39m
[31m+                   data-v-47193efe=""[39m
[31m+                 >[39m
[31m+                   <input[39m
[31m+                     data-v-47193efe=""[39m
[31m+                     type="checkbox"[39m
[31m+                     value="TYPESCRIPT"[39m
[31m+                   />[39m
[31m+                   <span[39m
[31m+                     data-v-47193efe=""[39m
[31m+                   >[39m
[31m+                     TypeScript[39m
[31m+                   </span>[39m
[31m+                 </label>[39m
[31m+                 <label[39m
[31m+                   class="technology-choice"[39m
[31m+                   data-v-47193efe=""[39m
[31m+                 >[39m
[31m+                   <input[39m
[31m+                     data-v-47193efe=""[39m
[31m+                     type="checkbox"[39m
[31m+                     value="PYTHON"[39m
[31m+                   />[39m
[31m+                   <span[39m
[31m+                     data-v-47193efe=""[39m
[31m+                   >[39m
[31m+                     Python[39m
[31m+                   </span>[39m
[31m+                 </label>[39m
[31m+                 <label[39m
[31m+                   class="technology-choice"[39m
[31m+                   data-v-47193efe=""[39m
[31m+                 >[39m
[31m+                   <input[39m
[31m+                     data-v-47193efe=""[39m
[31m+                     type="checkbox"[39m
[31m+                     value="GO"[39m
[31m+                   />[39m
[31m+                   <span[39m
[31m+                     data-v-47193efe=""[39m
[31m+                   >[39m
[31m+                     Go[39m
[31m+                   </span>[39m
[31m+                 </label>[39m
[31m+                 <label[39m
[31m+                   class="technology-choice"[39m
[31m+                   data-v-47193efe=""[39m
[31m+                 >[39m
[31m+                   <input[39m
[31m+                     data-v-47193efe=""[39m
[31m+                     type="checkbox"[39m
[31m+                     value="C"[39m
[31m+                   />[39m
[31m+                   <span[39m
[31m+                     data-v-47193efe=""[39m
[31m+                   >[39m
[31m+                     C[39m
[31m+                   </span>[39m
[31m+                 </label>[39m
[31m+                 <label[39m
[31m+                   class="technology-choice"[39m
[31m+                   data-v-47193efe=""[39m
[31m+                 >[39m
[31m+                   <input[39m
[31m+                     data-v-47193efe=""[39m
[31m+                     type="checkbox"[39m
[31m+                     value="CPP"[39m
[31m+                   />[39m
[31m+                   <span[39m
[31m+                     data-v-47193efe=""[39m
[31m+                   >[39m
[31m+                     C++[39m
[31m+                   </span>[39m
[31m+                 </label>[39m
[31m+                 <label[39m
[31m+                   class="technology-choice"[39m
[31m+                   data-v-47193efe=""[39m
[31m+                 >[39m
[31m+                   <input[39m
[31m+                     data-v-47193efe=""[39m
[31m+                     type="checkbox"[39m
[31m+                     value="CSHARP"[39m
[31m+                   />[39m
[31m+                   <span[39m
[31m+                     data-v-47193efe=""[39m
[31m+                   >[39m
[31m+                     C#[39m
[31m+                   </span>[39m
[31m+                 </label>[39m
[31m+                 <label[39m
[31m+                   class="technology-choice"[39m
[31m+                   data-v-47193efe=""[39m
[31m+                 >[39m
[31m+                   <input[39m
[31m+                     data-v-47193efe=""[39m
[31m+                     type="checkbox"[39m
[31m+                     value="RUST"[39m
[31m+                   />[39m
[31m+                   <span[39m
[31m+                     data-v-47193efe=""[39m
[31m+                   >[39m
[31m+                     Rust[39m
[31m+                   </span>[39m
[31m+                 </label>[39m
[31m+                 <label[39m
[31m+                   class="technology-choice"[39m
[31m+                   data-v-47193efe=""[39m
[31m+                 >[39m
[31m+                   <input[39m
[31m+                     data-v-47193efe=""[39m
[31m+                     type="checkbox"[39m
[31m+                     value="SWIFT"[39m
[31m+                   />[39m
[31m+                   <span[39m
[31m+                     data-v-47193efe=""[39m
[31m+                   >[39m
[31m+                     Swift[39m
[31m+                   </span>[39m
[31m+                 </label>[39m
[31m+                 <label[39m
[31m+                   class="technology-choice"[39m
[31m+                   data-v-47193efe=""[39m
[31m+                 >[39m
[31m+                   <input[39m
[31m+                     data-v-47193efe=""[39m
[31m+                     type="checkbox"[39m
[31m+                     value="DART"[39m
[31m+                   />[39m
[31m+                   <span[39m
[31m+                     data-v-47193efe=""[39m
[31m+                   >[39m
[31m+                     Dart[39m
[31m+                   </span>[39m
[31m+                 </label>[39m
[31m+                 <label[39m
[31m+                   class="technology-choice"[39m
[31m+                   data-v-47193efe=""[39m
[31m+                 >[39m
[31m+                   <input[39m
[31m+                     data-v-47193efe=""[39m
[31m+                     type="checkbox"[39m
[31m+                     value="PHP"[39m
[31m+                   />[39m
[31m+                   <span[39m
[31m+                     data-v-47193efe=""[39m
[31m+                   >[39m
[31m+                     PHP[39m
[31m+                   </span>[39m
[31m+                 </label>[39m
[31m+                 <label[39m
[31m+                   class="technology-choice"[39m
[31m+                   data-v-47193efe=""[39m
[31m+                 >[39m
[31m+                   <input[39m
[31m+                     data-v-47193efe=""[39m
[31m+                     type="checkbox"[39m
[31m+                     value="RUBY"[39m
[31m+                   />[39m
[31m+                   <span[39m
[31m+                     data-v-47193efe=""[39m
[31m+                   >[39m
[31m+                     Ruby[39m
[31m+                   </span>[39m
[31m+                 </label>[39m
[31m+                 <label[39m
[31m+                   class="technology-choice"[39m
[31m+                   data-v-47193efe=""[39m
[31m+                 >[39m
[31m+                   <input[39m
[31m+                     data-v-47193efe=""[39m
[31m+                     type="checkbox"[39m
[31m+                     value="SQL"[39m
[31m+                   />[39m
[31m+                   <span[39m
[31m+                     data-v-47193efe=""[39m
[31m+                   >[39m
[31m+                     SQL[39m
[31m+                   </span>[39m
[31m+                 </label>[39m
[31m+                 [39m
[31m+               </div>[39m
[31m+             </fieldset>[39m
[31m+             <fieldset[39m
[31m+               class="technology-group"[39m
[31m+               data-v-47193efe=""[39m
[31m+             >[39m
[31m+               <legend[39m
[31m+                 data-v-47193efe=""[39m
[31m+               >[39m
[31m+                 웹 UI[39m
[31m+               </legend>[39m
[31m+               <div[39m
[31m+                 class="technology-options"[39m
[31m+                 data-v-47193efe=""[39m
[31m+               >[39m
[31m+                 [39m
[31m+                 <label[39m
[31m+                   class="technology-choice"[39m
[31m+                   data-v-47193efe=""[39m
[31m+                 >[39m
[31m+                   <input[39m
[31m+                     data-v-47193efe=""[39m
[31m+                     type="checkbox"[39m
[31m+                     value="HTML"[39m
[31m+                   />[39m
[31m+                   <span[39m
[31m+                     data-v-47193efe=""[39m
[31m+                   >[39m
[31m+                     HTML[39m
[31m+                   </span>[39m
[31m+                 </label>[39m
[31m+                 <label[39m
[31m+                   class="technology-choice"[39m
[31m+                   data-v-47193efe=""[39m
[31m+                 >[39m
[31m+                   <input[39m
[31m+                     data-v-47193efe=""[39m
[31m+                     type="checkbox"[39m
[31m+                     value="CSS"[39m
[31m+                   />[39m
[31m+                   <span[39m
[31m+                     data-v-47193efe=""[39m
[31m+                   >[39m
[31m+                     CSS[39m
[31m+                   </span>[39m
[31m+                 </label>[39m
[31m+                 <label[39m
[31m+                   class="technology-choice"[39m
[31m+                   data-v-47193efe=""[39m
[31m+                 >[39m
[31m+                   <input[39m
[31m+                     data-v-47193efe=""[39m
[31m+                     type="checkbox"[39m
[31m+                     value="React"[39m
[31m+                   />[39m
[31m+                   <span[39m
[31m+                     data-v-47193efe=""[39m
[31m+                   >[39m
[31m+                     React[39m
[31m+                   </span>[39m
[31m+                 </label>[39m
[31m+                 <label[39m
[31m+                   class="technology-choice"[39m
[31m+                   data-v-47193efe=""[39m
[31m+                 >[39m
[31m+                   <input[39m
[31m+                     data-v-47193efe=""[39m
[31m+                     type="checkbox"[39m
[31m+                     value="VUE"[39m
[31m+                   />[39m
[31m+                   <span[39m
[31m+                     data-v-47193efe=""[39m
[31m+                   >[39m
[31m+                     Vue.js[39m
[31m+                   </span>[39m
[31m+                 </label>[39m
[31m+                 <label[39m
[31m+                   class="technology-choice"[39m
[31m+                   data-v-47193efe=""[39m
[31m+                 >[39m
[31m+                   <input[39m
[31m+                     data-v-47193efe=""[39m
[31m+                     type="checkbox"[39m
[31m+                     value="ANGULAR"[39m
[31m+                   />[39m
[31m+                   <span[39m
[31m+                     data-v-47193efe=""[39m
[31m+                   >[39m
[31m+                     Angular[39m
[31m+                   </span>[39m
[31m+                 </label>[39m
[31m+                 <label[39m
[31m+                   class="technology-choice"[39m
[31m+                   data-v-47193efe=""[39m
[31m+                 >[39m
[31m+                   <input[39m
[31m+                     data-v-47193efe=""[39m
[31m+                     type="checkbox"[39m
[31m+                     value="NEXT_JS"[39m
[31m+                   />[39m
[31m+                   <span[39m
[31m+                     data-v-47193efe=""[39m
[31m+                   >[39m
[31m+                     Next.js[39m
[31m+                   </span>[39m
[31m+                 </label>[39m
[31m+                 <label[39m
[31m+                   class="technology-choice"[39m
[31m+                   data-v-47193efe=""[39m
[31m+                 >[39m
[31m+                   <input[39m
[31m+                     data-v-47193efe=""[39m
[31m+                     type="checkbox"[39m
[31m+                     value="NUXT_JS"[39m
[31m+                   />[39m
[31m+                   <span[39m
[31m+                     data-v-47193efe=""[39m
[31m+                   >[39m
[31m+                     Nuxt.js[39m
[31m+                   </span>[39m
[31m+                 </label>[39m
[31m+                 [39m
[31m+               </div>[39m
[31m+             </fieldset>[39m
[31m+             <fieldset[39m
[31m+               class="technology-group"[39m
[31m+               data-v-47193efe=""[39m
[31m+             >[39m
[31m+               <legend[39m
[31m+                 data-v-47193efe=""[39m
[31m+               >[39m
[31m+                 서버 프레임워크[39m
[31m+               </legend>[39m
[31m+               <div[39m
[31m+                 class="technology-options"[39m
[31m+                 data-v-47193efe=""[39m
[31m+               >[39m
[31m+                 [39m
[31m+                 <label[39m
[31m+                   class="technology-choice"[39m
[31m+                   data-v-47193efe=""[39m
[31m+                 >[39m
[31m+                   <input[39m
[31m+                     data-v-47193efe=""[39m
[31m+                     type="checkbox"[39m
[31m+                     value="SPRING"[39m
[31m+                   />[39m
[31m+                   <span[39m
[31m+                     data-v-47193efe=""[39m
[31m+                   >[39m
[31m+                     Spring[39m
[31m+                   </span>[39m
[31m+                 </label>[39m
[31m+                 <label[39m
[31m+                   class="technology-choice"[39m
[31m+                   data-v-47193efe=""[39m
[31m+                 >[39m
[31m+                   <input[39m
[31m+                     data-v-47193efe=""[39m
[31m+                     type="checkbox"[39m
[31m+                     value="SPRING_BOOT"[39m
[31m+                   />[39m
[31m+                   <span[39m
[31m+                     data-v-47193efe=""[39m
[31m+                   >[39m
[31m+                     Spring Boot[39m
[31m+                   </span>[39m
[31m+                 </label>[39m
[31m+                 <label[39m
[31m+                   class="technology-choice"[39m
[31m+                   data-v-47193efe=""[39m
[31m+                 >[39m
[31m+                   <input[39m
[31m+                     data-v-47193efe=""[39m
[31m+                     type="checkbox"[39m
[31m+                     value="JPA"[39m
[31m+                   />[39m
[31m+                   <span[39m
[31m+                     data-v-47193efe=""[39m
[31m+                   >[39m
[31m+                     JPA[39m
[31m+                   </span>[39m
[31m+                 </label>[39m
[31m+                 <label[39m
[31m+                   class="technology-choice"[39m
[31m+                   data-v-47193efe=""[39m
[31m+                 >[39m
[31m+                   <input[39m
[31m+                     data-v-47193efe=""[39m
[31m+                     type="checkbox"[39m
[31m+                     value="NODE_JS"[39m
[31m+                   />[39m
[31m+                   <span[39m
[31m+                     data-v-47193efe=""[39m
[31m+                   >[39m
[31m+                     Node.js[39m
[31m+                   </span>[39m
[31m+                 </label>[39m
[31m+                 <label[39m
[31m+                   class="technology-choice"[39m
[31m+                   data-v-47193efe=""[39m
[31m+                 >[39m
[31m+                   <input[39m
[31m+                     data-v-47193efe=""[39m
[31m+                     type="checkbox"[39m
[31m+                     value="NEST_JS"[39m
[31m+                   />[39m
[31m+                   <span[39m
[31m+                     data-v-47193efe=""[39m
[31m+                   >[39m
[31m+                     NestJS[39m
[31m+                   </span>[39m
[31m+                 </label>[39m
[31m+                 <label[39m
[31m+                   class="technology-choice"[39m
[31m+                   data-v-47193efe=""[39m
[31m+                 >[39m
[31m+                   <input[39m
[31m+                     data-v-47193efe=""[39m
[31m+                     type="checkbox"[39m
[31m+                     value="EXPRESS"[39m
[31m+                   />[39m
[31m+                   <span[39m
[31m+                     data-v-47193efe=""[39m
[31m+                   >[39m
[31m+                     Express[39m
[31m+                   </span>[39m
[31m+                 </label>[39m
[31m+                 <label[39m
[31m+                   class="technology-choice"[39m
[31m+                   data-v-47193efe=""[39m
[31m+                 >[39m
[31m+                   <input[39m
[31m+                     data-v-47193efe=""[39m
[31m+                     type="checkbox"[39m
[31m+                     value="DJANGO"[39m
[31m+                   />[39m
[31m+                   <span[39m
[31m+                     data-v-47193efe=""[39m
[31m+                   >[39m
[31m+                     Django[39m
[31m+                   </span>[39m
[31m+                 </label>[39m
[31m+                 <label[39m
[31m+                   class="technology-choice"[39m
[31m+                   data-v-47193efe=""[39m
[31m+                 >[39m
[31m+                   <input[39m
[31m+                     data-v-47193efe=""[39m
[31m+                     type="checkbox"[39m
[31m+                     value="FASTAPI"[39m
[31m+                   />[39m
[31m+                   <span[39m
[31m+                     data-v-47193efe=""[39m
[31m+                   >[39m
[31m+                     FastAPI[39m
[31m+                   </span>[39m
[31m+                 </label>[39m
[31m+                 <label[39m
[31m+                   class="technology-choice"[39m
[31m+                   data-v-47193efe=""[39m
[31m+                 >[39m
[31m+                   <input[39m
[31m+                     data-v-47193efe=""[39m
[31m+                     type="checkbox"[39m
[31m+                     value="DOTNET"[39m
[31m+                   />[39m
[31m+                   <span[39m
[31m+                     data-v-47193efe=""[39m
[31m+                   >[39m
[31m+                     .NET[39m
[31m+                   </span>[39m
[31m+                 </label>[39m
[31m+                 [39m
[31m+               </div>[39m
[31m+             </fieldset>[39m
[31m+             <fieldset[39m
[31m+               class="technology-group"[39m
[31m+               data-v-47193efe=""[39m
[31m+             >[39m
[31m+               <legend[39m
[31m+                 data-v-47193efe=""[39m
[31m+               >[39m
[31m+                 모바일·게임[39m
[31m+               </legend>[39m
[31m+               <div[39m
[31m+                 class="technology-options"[39m
[31m+                 data-v-47193efe=""[39m
[31m+               >[39m
[31m+                 [39m
[31m+                 <label[39m
[31m+                   class="technology-choice"[39m
[31m+                   data-v-47193efe=""[39m
[31m+                 >[39m
[31m+                   <input[39m
[31m+                     data-v-47193efe=""[39m
[31m+                     type="checkbox"[39m
[31m+                     value="REACT_NATIVE"[39m
[31m+                   />[39m
[31m+                   <span[39m
[31m+                     data-v-47193efe=""[39m
[31m+                   >[39m
[31m+                     React Native[39m
[31m+                   </span>[39m
[31m+                 </label>[39m
[31m+                 <label[39m
[31m+                   class="technology-choice"[39m
[31m+                   data-v-47193efe=""[39m
[31m+                 >[39m
[31m+                   <input[39m
[31m+                     data-v-47193efe=""[39m
[31m+                     type="checkbox"[39m
[31m+                     value="FLUTTER"[39m
[31m+                   />[39m
[31m+                   <span[39m
[31m+                     data-v-47193efe=""[39m
[31m+                   >[39m
[31m+                     Flutter[39m
[31m+                   </span>[39m
[31m+                 </label>[39m
[31m+                 <label[39m
[31m+                   class="technology-choice"[39m
[31m+                   data-v-47193efe=""[39m
[31m+                 >[39m
[31m+                   <input[39m
[31m+                     data-v-47193efe=""[39m
[31m+                     type="checkbox"[39m
[31m+                     value="UNITY"[39m
[31m+                   />[39m
[31m+                   <span[39m
[31m+                     data-v-47193efe=""[39m
[31m+                   >[39m
[31m+                     Unity[39m
[31m+                   </span>[39m
[31m+                 </label>[39m
[31m+                 <label[39m
[31m+                   class="technology-choice"[39m
[31m+                   data-v-47193efe=""[39m
[31m+                 >[39m
[31m+                   <input[39m
[31m+                     data-v-47193efe=""[39m
[31m+                     type="checkbox"[39m
[31m+                     value="UNREAL_ENGINE"[39m
[31m+                   />[39m
[31m+                   <span[39m
[31m+                     data-v-47193efe=""[39m
[31m+                   >[39m
[31m+                     Unreal Engine[39m
[31m+                   </span>[39m
[31m+                 </label>[39m
[31m+                 [39m
[31m+               </div>[39m
[31m+             </fieldset>[39m
[31m+             <fieldset[39m
[31m+               class="technology-group"[39m
[31m+               data-v-47193efe=""[39m
[31m+             >[39m
[31m+               <legend[39m
[31m+                 data-v-47193efe=""[39m
[31m+               >[39m
[31m+                 데이터 저장·메시징[39m
[31m+               </legend>[39m
[31m+               <div[39m
[31m+                 class="technology-options"[39m
[31m+                 data-v-47193efe=""[39m
[31m+               >[39m
[31m+                 [39m
[31m+                 <label[39m
[31m+                   class="technology-choice"[39m
[31m+                   data-v-47193efe=""[39m
[31m+                 >[39m
[31m+                   <input[39m
[31m+                     data-v-47193efe=""[39m
[31m+                     type="checkbox"[39m
[31m+                     value="MYSQL"[39m
[31m+                   />[39m
[31m+                   <span[39m
[31m+                     data-v-47193efe=""[39m
[31m+                   >[39m
[31m+                     MySQL[39m
[31m+                   </span>[39m
[31m+                 </label>[39m
[31m+                 <label[39m
[31m+                   class="technology-choice"[39m
[31m+                   data-v-47193efe=""[39m
[31m+                 >[39m
[31m+                   <input[39m
[31m+                     data-v-47193efe=""[39m
[31m+                     type="checkbox"[39m
[31m+                     value="MARIADB"[39m
[31m+                   />[39m
[31m+                   <span[39m
[31m+                     data-v-47193efe=""[39m
[31m+                   >[39m
[31m+                     MariaDB[39m
[31m+                   </span>[39m
[31m+                 </label>[39m
[31m+                 <label[39m
[31m+                   class="technology-choice"[39m
[31m+                   data-v-47193efe=""[39m
[31m+                 >[39m
[31m+                   <input[39m
[31m+                     data-v-47193efe=""[39m
[31m+                     type="checkbox"[39m
[31m+                     value="POSTGRESQL"[39m
[31m+                   />[39m
[31m+                   <span[39m
[31m+                     data-v-47193efe=""[39m
[31m+                   >[39m
[31m+                     PostgreSQL[39m
[31m+                   </span>[39m
[31m+                 </label>[39m
[31m+                 <label[39m
[31m+                   class="technology-choice"[39m
[31m+                   data-v-47193efe=""[39m
[31m+                 >[39m
[31m+                   <input[39m
[31m+                     data-v-47193efe=""[39m
[31m+                     type="checkbox"[39m
[31m+                     value="ORACLE"[39m
[31m+                   />[39m
[31m+                   <span[39m
[31m+                     data-v-47193efe=""[39m
[31m+                   >[39m
[31m+                     Oracle[39m
[31m+                   </span>[39m
[31m+                 </label>[39m
[31m+                 <label[39m
[31m+                   class="technology-choice"[39m
[31m+                   data-v-47193efe=""[39m
[31m+                 >[39m
[31m+                   <input[39m
[31m+                     data-v-47193efe=""[39m
[31m+                     type="checkbox"[39m
[31m+                     value="SQL_SERVER"[39m
[31m+                   />[39m
[31m+                   <span[39m
[31m+                     data-v-47193efe=""[39m
[31m+                   >[39m
[31m+                     SQL Server[39m
[31m+                   </span>[39m
[31m+                 </label>[39m
[31m+                 <label[39m
[31m+                   class="technology-choice"[39m
[31m+                   data-v-47193efe=""[39m
[31m+                 >[39m
[31m+                   <input[39m
[31m+                     data-v-47193efe=""[39m
[31m+                     type="checkbox"[39m
[31m+                     value="MONGODB"[39m
[31m+                   />[39m
[31m+                   <span[39m
[31m+                     data-v-47193efe=""[39m
[31m+                   >[39m
[31m+                     MongoDB[39m
[31m+                   </span>[39m
[31m+                 </label>[39m
[31m+                 <label[39m
[31m+                   class="technology-choice"[39m
[31m+                   data-v-47193efe=""[39m
[31m+                 >[39m
[31m+                   <input[39m
[31m+                     data-v-47193efe=""[39m
[31m+                     type="checkbox"[39m
[31m+                     value="REDIS"[39m
[31m+                   />[39m
[31m+                   <span[39m
[31m+                     data-v-47193efe=""[39m
[31m+                   >[39m
[31m+                     Redis[39m
[31m+                   </span>[39m
[31m+                 </label>[39m
[31m+                 <label[39m
[31m+                   class="technology-choice"[39m
[31m+                   data-v-47193efe=""[39m
[31m+                 >[39m
[31m+                   <input[39m
[31m+                     data-v-47193efe=""[39m
[31m+                     type="checkbox"[39m
[31m+                     value="ELASTICSEARCH"[39m
[31m+                   />[39m
[31m+                   <span[39m
[31m+                     data-v-47193efe=""[39m
[31m+                   >[39m
[31m+                     Elasticsearch[39m
[31m+                   </span>[39m
[31m+                 </label>[39m
[31m+                 <label[39m
[31m+                   class="technology-choice"[39m
[31m+                   data-v-47193efe=""[39m
[31m+                 >[39m
[31m+                   <input[39m
[31m+                     data-v-47193efe=""[39m
[31m+                     type="checkbox"[39m
[31m+                     value="KAFKA"[39m
[31m+                   />[39m
[31m+                   <span[39m
[31m+                     data-v-47193efe=""[39m
[31m+                   >[39m
[31m+                     Kafka[39m
[31m+                   </span>[39m
[31m+                 </label>[39m
[31m+                 <label[39m
[31m+                   class="technology-choice"[39m
[31m+                   data-v-47193efe=""[39m
[31m+                 >[39m
[31m+                   <input[39m
[31m+                     data-v-47193efe=""[39m
[31m+                     type="checkbox"[39m
[31m+                     value="RABBITMQ"[39m
[31m+                   />[39m
[31m+                   <span[39m
[31m+                     data-v-47193efe=""[39m
[31m+                   >[39m
[31m+                     RabbitMQ[39m
[31m+                   </span>[39m
[31m+                 </label>[39m
[31m+                 <label[39m
[31m+                   class="technology-choice"[39m
[31m+                   data-v-47193efe=""[39m
[31m+                 >[39m
[31m+                   <input[39m
[31m+                     data-v-47193efe=""[39m
[31m+                     type="checkbox"[39m
[31m+                     value="BIGQUERY"[39m
[31m+                   />[39m
[31m+                   <span[39m
[31m+                     data-v-47193efe=""[39m
[31m+                   >[39m
[31m+                     BigQuery[39m
[31m+                   </span>[39m
[31m+                 </label>[39m
[31m+                 [39m
[31m+               </div>[39m
[31m+             </fieldset>[39m
[31m+             <fieldset[39m
[31m+               class="technology-group"[39m
[31m+               data-v-47193efe=""[39m
[31m+             >[39m
[31m+               <legend[39m
[31m+                 data-v-47193efe=""[39m
[31m+               >[39m
[31m+                 클라우드·운영[39m
[31m+               </legend>[39m
[31m+               <div[39m
[31m+                 class="technology-options"[39m
[31m+                 data-v-47193efe=""[39m
[31m+               >[39m
[31m+                 [39m
[31m+                 <label[39m
[31m+                   class="technology-choice"[39m
[31m+                   data-v-47193efe=""[39m
[31m+                 >[39m
[31m+                   <input[39m
[31m+                     data-v-47193efe=""[39m
[31m+                     type="checkbox"[39m
[31m+                     value="AWS"[39m
[31m+                   />[39m
[31m+                   <span[39m
[31m+                     data-v-47193efe=""[39m
[31m+                   >[39m
[31m+                     AWS[39m
[31m+                   </span>[39m
[31m+                 </label>[39m
[31m+                 <label[39m
[31m+                   class="technology-choice"[39m
[31m+                   data-v-47193efe=""[39m
[31m+                 >[39m
[31m+                   <input[39m
[31m+                     data-v-47193efe=""[39m
[31m+                     type="checkbox"[39m
[31m+                     value="GCP"[39m
[31m+                   />[39m
[31m+                   <span[39m
[31m+                     data-v-47193efe=""[39m
[31m+                   >[39m
[31m+                     Google Cloud[39m
[31m+                   </span>[39m
[31m+                 </label>[39m
[31m+                 <label[39m
[31m+                   class="technology-choice"[39m
[31m+                   data-v-47193efe=""[39m
[31m+                 >[39m
[31m+                   <input[39m
[31m+                     data-v-47193efe=""[39m
[31m+                     type="checkbox"[39m
[31m+                     value="AZURE"[39m
[31m+                   />[39m
[31m+                   <span[39m
[31m+                     data-v-47193efe=""[39m
[31m+                   >[39m
[31m+                     Azure[39m
[31m+                   </span>[39m
[31m+                 </label>[39m
[31m+                 <label[39m
[31m+                   class="technology-choice"[39m
[31m+                   data-v-47193efe=""[39m
[31m+                 >[39m
[31m+                   <input[39m
[31m+                     data-v-47193efe=""[39m
[31m+                     type="checkbox"[39m
[31m+                     value="LINUX"[39m
[31m+                   />[39m
[31m+                   <span[39m
[31m+                     data-v-47193efe=""[39m
[31m+                   >[39m
[31m+                     Linux[39m
[31m+                   </span>[39m
[31m+                 </label>[39m
[31m+                 <label[39m
[31m+                   class="technology-choice"[39m
[31m+                   data-v-47193efe=""[39m
[31m+                 >[39m
[31m+                   <input[39m
[31m+                     data-v-47193efe=""[39m
[31m+                     type="checkbox"[39m
[31m+                     value="DOCKER"[39m
[31m+                   />[39m
[31m+                   <span[39m
[31m+                     data-v-47193efe=""[39m
[31m+                   >[39m
[31m+                     Docker[39m
[31m+                   </span>[39m
[31m+                 </label>[39m
[31m+                 <label[39m
[31m+                   class="technology-choice"[39m
[31m+                   data-v-47193efe=""[39m
[31m+                 >[39m
[31m+                   <input[39m
[31m+                     data-v-47193efe=""[39m
[31m+                     type="checkbox"[39m
[31m+                     value="KUBERNETES"[39m
[31m+                   />[39m
[31m+                   <span[39m
[31m+                     data-v-47193efe=""[39m
[31m+                   >[39m
[31m+                     Kubernetes[39m
[31m+                   </span>[39m
[31m+                 </label>[39m
[31m+                 <label[39m
[31m+                   class="technology-choice"[39m
[31m+                   data-v-47193efe=""[39m
[31m+                 >[39m
[31m+                   <input[39m
[31m+                     data-v-47193efe=""[39m
[31m+                     type="checkbox"[39m
[31m+                     value="TERRAFORM"[39m
[31m+                   />[39m
[31m+                   <span[39m
[31m+                     data-v-47193efe=""[39m
[31m+                   >[39m
[31m+                     Terraform[39m
[31m+                   </span>[39m
[31m+                 </label>[39m
[31m+                 <label[39m
[31m+                   class="technology-choice"[39m
[31m+                   data-v-47193efe=""[39m
[31m+                 >[39m
[31m+                   <input[39m
[31m+                     data-v-47193efe=""[39m
[31m+                     type="checkbox"[39m
[31m+                     value="ANSIBLE"[39m
[31m+                   />[39m
[31m+                   <span[39m
[31m+                     data-v-47193efe=""[39m
[31m+                   >[39m
[31m+                     Ansible[39m
[31m+                   </span>[39m
[31m+                 </label>[39m
[31m+                 <label[39m
[31m+                   class="technology-choice"[39m
[31m+                   data-v-47193efe=""[39m
[31m+                 >[39m
[31m+                   <input[39m
[31m+                     data-v-47193efe=""[39m
[31m+                     type="checkbox"[39m
[31m+                     value="PROMETHEUS"[39m
[31m+                   />[39m
[31m+                   <span[39m
[31m+                     data-v-47193efe=""[39m
[31m+                   >[39m
[31m+                     Prometheus[39m
[31m+                   </span>[39m
[31m+                 </label>[39m
[31m+                 <label[39m
[31m+                   class="technology-choice"[39m
[31m+                   data-v-47193efe=""[39m
[31m+                 >[39m
[31m+                   <input[39m
[31m+                     data-v-47193efe=""[39m
[31m+                     type="checkbox"[39m
[31m+                     value="GRAFANA"[39m
[31m+                   />[39m
[31m+                   <span[39m
[31m+                     data-v-47193efe=""[39m
[31m+                   >[39m
[31m+                     Grafana[39m
[31m+                   </span>[39m
[31m+                 </label>[39m
[31m+                 [39m
[31m+               </div>[39m
[31m+             </fieldset>[39m
[31m+             <fieldset[39m
[31m+               class="technology-group"[39m
[31m+               data-v-47193efe=""[39m
[31m+             >[39m
[31m+               <legend[39m
[31m+                 data-v-47193efe=""[39m
[31m+               >[39m
[31m+                 데이터·AI[39m
[31m+               </legend>[39m
[31m+               <div[39m
[31m+                 class="technology-options"[39m
[31m+                 data-v-47193efe=""[39m
[31m+               >[39m
[31m+                 [39m
[31m+                 <label[39m
[31m+                   class="technology-choice"[39m
[31m+                   data-v-47193efe=""[39m
[31m+                 >[39m
[31m+                   <input[39m
[31m+                     data-v-47193efe=""[39m
[31m+                     type="checkbox"[39m
[31m+                     value="PYTORCH"[39m
[31m+                   />[39m
[31m+                   <span[39m
[31m+                     data-v-47193efe=""[39m
[31m+                   >[39m
[31m+                     PyTorch[39m
[31m+                   </span>[39m
[31m+                 </label>[39m
[31m+                 <label[39m
[31m+                   class="technology-choice"[39m
[31m+                   data-v-47193efe=""[39m
[31m+                 >[39m
[31m+                   <input[39m
[31m+                     data-v-47193efe=""[39m
[31m+                     type="checkbox"[39m
[31m+                     value="TENSORFLOW"[39m
[31m+                   />[39m
[31m+                   <span[39m
[31m+                     data-v-47193efe=""[39m
[31m+                   >[39m
[31m+                     TensorFlow[39m
[31m+                   </span>[39m
[31m+                 </label>[39m
[31m+                 <label[39m
[31m+                   class="technology-choice"[39m
[31m+                   data-v-47193efe=""[39m
[31m+                 >[39m
[31m+                   <input[39m
[31m+                     data-v-47193efe=""[39m
[31m+                     type="checkbox"[39m
[31m+                     value="PANDAS"[39m
[31m+                   />[39m
[31m+                   <span[39m
[31m+                     data-v-47193efe=""[39m
[31m+                   >[39m
[31m+                     Pandas[39m
[31m+                   </span>[39m
[31m+                 </label>[39m
[31m+                 <label[39m
[31m+                   class="technology-choice"[39m
[31m+                   data-v-47193efe=""[39m
[31m+                 >[39m
[31m+                   <input[39m
[31m+                     data-v-47193efe=""[39m
[31m+                     type="checkbox"[39m
[31m+                     value="SPARK"[39m
[31m+                   />[39m
[31m+                   <span[39m
[31m+                     data-v-47193efe=""[39m
[31m+                   >[39m
[31m+                     Spark[39m
[31m+                   </span>[39m
[31m+                 </label>[39m
[31m+                 <label[39m
[31m+                   class="technology-choice"[39m
[31m+                   data-v-47193efe=""[39m
[31m+                 >[39m
[31m+                   <input[39m
[31m+                     data-v-47193efe=""[39m
[31m+                     type="checkbox"[39m
[31m+                     value="AIRFLOW"[39m
[31m+                   />[39m
[31m+                   <span[39m
[31m+                     data-v-47193efe=""[39m
[31m+                   >[39m
[31m+                     Airflow[39m
[31m+                   </span>[39m
[31m+                 </label>[39m
[31m+                 <label[39m
[31m+                   class="technology-choice"[39m
[31m+                   data-v-47193efe=""[39m
[31m+                 >[39m
[31m+                   <input[39m
[31m+                     data-v-47193efe=""[39m
[31m+                     type="checkbox"[39m
[31m+                     value="LANGCHAIN"[39m
[31m+                   />[39m
[31m+                   <span[39m
[31m+                     data-v-47193efe=""[39m
[31m+                   >[39m
[31m+                     LangChain[39m
[31m+                   </span>[39m
[31m+                 </label>[39m
[31m+                 <label[39m
[31m+                   class="technology-choice"[39m
[31m+                   data-v-47193efe=""[39m
[31m+                 >[39m
[31m+                   <input[39m
[31m+                     data-v-47193efe=""[39m
[31m+                     type="checkbox"[39m
[31m+                     value="LLM"[39m
[31m+                   />[39m
[31m+                   <span[39m
[31m+                     data-v-47193efe=""[39m
[31m+                   >[39m
[31m+                     LLM[39m
[31m+                   </span>[39m
[31m+                 </label>[39m
[31m+                 <label[39m
[31m+                   class="technology-choice"[39m
[31m+                   data-v-47193efe=""[39m
[31m+                 >[39m
[31m+                   <input[39m
[31m+                     data-v-47193efe=""[39m
[31m+                     type="checkbox"[39m
[31m+                     value="RAG"[39m
[31m+                   />[39m
[31m+                   <span[39m
[31m+                     data-v-47193efe=""[39m
[31m+                   >[39m
[31m+                     RAG[39m
[31m+                   </span>[39m
[31m+                 </label>[39m
[31m+                 [39m
[31m+               </div>[39m
[31m+             </fieldset>[39m
[31m+             <fieldset[39m
[31m+               class="technology-group"[39m
[31m+               data-v-47193efe=""[39m
[31m+             >[39m
[31m+               <legend[39m
[31m+                 data-v-47193efe=""[39m
[31m+               >[39m
[31m+                 개발 도구[39m
[31m+               </legend>[39m
[31m+               <div[39m
[31m+                 class="technology-options"[39m
[31m+                 data-v-47193efe=""[39m
[31m+               >[39m
[31m+                 [39m
[31m+                 <label[39m
[31m+                   class="technology-choice"[39m
[31m+                   data-v-47193efe=""[39m
[31m+                 >[39m
[31m+                   <input[39m
[31m+                     data-v-47193efe=""[39m
[31m+                     type="checkbox"[39m
[31m+                     value="GIT"[39m
[31m+                   />[39m
[31m+                   <span[39m
[31m+                     data-v-47193efe=""[39m
[31m+                   >[39m
[31m+                     Git[39m
[31m+                   </span>[39m
[31m+                 </label>[39m
[31m+                 <label[39m
[31m+                   class="technology-choice"[39m
[31m+                   data-v-47193efe=""[39m
[31m+                 >[39m
[31m+                   <input[39m
[31m+                     data-v-47193efe=""[39m
[31m+                     type="checkbox"[39m
[31m+                     value="GITHUB_ACTIONS"[39m
[31m+                   />[39m
[31m+                   <span[39m
[31m+                     data-v-47193efe=""[39m
[31m+                   >[39m
[31m+                     GitHub Actions[39m
[31m+                   </span>[39m
[31m+                 </label>[39m
[31m+                 [39m
[31m+               </div>[39m
[31m+             </fieldset>[39m
[31m+             [39m
[31m+           </div>[39m
[31m+           <!--v-if-->[39m
[31m+           <!--v-if-->[39m
[31m+         </fieldset>[39m
[31m+       </fieldset>[39m
[31m+       <fieldset[39m
[31m+         class="announcement-form-section"[39m
[31m+         data-v-3591b8ac=""[39m
[31m+       >[39m
[31m+         <legend[39m
[31m+           data-v-3591b8ac=""[39m
[31m+         >[39m
[31m+           모집 조건·일정[39m
[31m+         </legend>[39m
[31m+         <p[39m
[31m+           class="section-help"[39m
[31m+           data-v-3591b8ac=""[39m
[31m+         >[39m
[31m+           모집 대상과 고용 형태는 별개입니다. 일정은 날짜와 시·분까지 입력하세요.[39m
[31m+         </p>[39m
[31m+         <div[39m
[31m+           class="form-grid"[39m
[31m+           data-v-3591b8ac=""[39m
[31m+         >[39m
[31m+           <div[39m
[31m+             class="field"[39m
[31m+             data-v-3591b8ac=""[39m
[31m+           >[39m
[31m+             <label[39m
[31m+               data-v-3591b8ac=""[39m
[31m+               for="admin-audience"[39m
[31m+             >[39m
[31m+               모집 대상[39m
[31m+             </label>[39m
[31m+             <select[39m
[31m+               aria-label="모집 대상"[39m
[31m+               data-v-3591b8ac=""[39m
[31m+               id="admin-audience"[39m
[31m+             >[39m
[31m+               <option[39m
[31m+                 data-v-3591b8ac=""[39m
[31m+               >[39m
[31m+                 미확인 (기존 경력 범위 사용)[39m
[31m+               </option>[39m
[31m+               <option[39m
[31m+                 data-v-3591b8ac=""[39m
[31m+                 value="NEW"[39m
[31m+               >[39m
[31m+                 신입[39m
[31m+               </option>[39m
[31m+               <option[39m
[31m+                 data-v-3591b8ac=""[39m
[31m+                 value="EXPERIENCED"[39m
[31m+               >[39m
[31m+                 경력[39m
[31m+               </option>[39m
[31m+               <option[39m
[31m+                 data-v-3591b8ac=""[39m
[31m+                 value="ANY"[39m
[31m+               >[39m
[31m+                 경력 무관[39m
[31m+               </option>[39m
[31m+               <option[39m
[31m+                 data-v-3591b8ac=""[39m
[31m+                 value="MIXED"[39m
[31m+               >[39m
[31m+                 신입·경력[39m
[31m+               </option>[39m
[31m+             </select>[39m
[31m+           </div>[39m
[31m+           <div[39m
[31m+             class="field"[39m
[31m+             data-v-3591b8ac=""[39m
[31m+           >[39m
[31m+             <label[39m
[31m+               data-v-3591b8ac=""[39m
[31m+               for="admin-employment"[39m
[31m+             >[39m
[31m+               고용 형태[39m
[31m+             </label>[39m
[31m+             <select[39m
[31m+               aria-label="고용 형태"[39m
[31m+               data-v-3591b8ac=""[39m
[31m+               id="admin-employment"[39m
[31m+             >[39m
[31m+               <option[39m
[31m+                 data-v-3591b8ac=""[39m
[31m+               >[39m
[31m+                 미확인[39m
[31m+               </option>[39m
[31m+               [39m
[31m+               <option[39m
[31m+                 data-v-3591b8ac=""[39m
[31m+                 value="REGULAR"[39m
[31m+               >[39m
[31m+                 정규직[39m
[31m+               </option>[39m
[31m+               <option[39m
[31m+                 data-v-3591b8ac=""[39m
[31m+                 value="CONTRACT"[39m
[31m+               >[39m
[31m+                 계약직[39m
[31m+               </option>[39m
[31m+               <option[39m
[31m+                 data-v-3591b8ac=""[39m
[31m+                 value="CONVERSION_INTERNSHIP"[39m
[31m+               >[39m
[31m+                 전�
[2m Test Files [22m [1m[31m1 failed[39m[22m[2m | [22m[1m[32m1 passed[39m[22m[90m (2)[39m
[2m      Tests [22m [1m[31m1 failed[39m[22m[2m | [22m[1m[32m28 passed[39m[22m[90m (29)[39m
[2m   Start at [22m 20:38:20
[2m   Duration [22m 1.80s[2m (environment 41%, tests 34%, transform 18%, import 4%, setup 3%)[22m

��형 인턴[39m
[31m+               </option>[39m
[31m+               <option[39m
[31m+                 data-v-3591b8ac=""[39m
[31m+                 value="EXPERIENTIAL_INTERNSHIP"[39m
[31m+               >[39m
[31m+                 체험형 인턴[39m
[31m+               </option>[39m
[31m+               [39m
[31m+             </select>[39m
[31m+           </div>[39m
[31m+           [39m
[31m+           <div[39m
[31m+             class="field"[39m
[31m+             data-v-3591b8ac=""[39m
[31m+           >[39m
[31m+             <label[39m
[31m+               data-v-3591b8ac=""[39m
[31m+               for="admin-minCareer"[39m
[31m+             >[39m
[31m+               최소 경력 (년)[39m
[31m+             </label>[39m
[31m+             <input[39m
[31m+               data-v-3591b8ac=""[39m
[31m+               id="admin-minCareer"[39m
[31m+               min="0"[39m
[31m+               required=""[39m
[31m+               step="1"[39m
[31m+               type="number"[39m
[31m+             />[39m
[31m+             <!--v-if-->[39m
[31m+           </div>[39m
[31m+           <div[39m
[31m+             class="field"[39m
[31m+             data-v-3591b8ac=""[39m
[31m+           >[39m
[31m+             <label[39m
[31m+               data-v-3591b8ac=""[39m
[31m+               for="admin-maxCareer"[39m
[31m+             >[39m
[31m+               최대 경력 (년, 무관은 0)[39m
[31m+             </label>[39m
[31m+             <input[39m
[31m+               data-v-3591b8ac=""[39m
[31m+               id="admin-maxCareer"[39m
[31m+               min="0"[39m
[31m+               required=""[39m
[31m+               step="1"[39m
[31m+               type="number"[39m
[31m+             />[39m
[31m+             <!--v-if-->[39m
[31m+           </div>[39m
[31m+           [39m
[31m+           [39m
[31m+           <div[39m
[31m+             class="field"[39m
[31m+             data-v-3591b8ac=""[39m
[31m+           >[39m
[31m+             <div[39m
[31m+               class="recruitment-datetime"[39m
[31m+               data-v-060c96e1=""[39m
[31m+               data-v-3591b8ac=""[39m
[31m+             >[39m
[31m+               <label[39m
[31m+                 data-v-060c96e1=""[39m
[31m+                 for="admin-startedDate"[39m
[31m+               >[39m
[31m+                 모집 시작[39m
[31m+               </label>[39m
[31m+               <div[39m
[31m+                 class="datetime-input-row"[39m
[31m+                 data-v-060c96e1=""[39m
[31m+               >[39m
[31m+                 <input[39m
[31m+                   data-v-060c96e1=""[39m
[31m+                   id="admin-startedDate"[39m
[31m+                   required=""[39m
[31m+                   step="60"[39m
[31m+                   type="datetime-local"[39m
[31m+                   value="2026-10-07T17:56"[39m
[31m+                 />[39m
[31m+                 <button[39m
[31m+                   aria-controls="admin-startedDate-calendar"[39m
[31m+                   aria-expanded="true"[39m
[31m+                   aria-label="모집 시작 달력 열기"[39m
[31m+                   class="calendar-trigger"[39m
[31m+                   data-v-060c96e1=""[39m
[31m+                   type="button"[39m
[31m+                 >[39m
[31m+                   <span[39m
[31m+                     aria-hidden="true"[39m
[31m+                     data-v-060c96e1=""[39m
[31m+                   >[39m
[31m+                     달력[39m
[31m+                   </span>[39m
[31m+                 </button>[39m
[31m+               </div>[39m
[31m+               <div[39m
[31m+                 aria-label="모집 시작 날짜 선택"[39m
[31m+                 class="recruitment-calendar"[39m
[31m+                 data-placement="below"[39m
[31m+                 data-v-060c96e1=""[39m
[31m+                 id="admin-startedDate-calendar"[39m
[31m+                 role="dialog"[39m
[31m+                 style="max-height: 752px;"[39m
[31m+               >[39m
[31m+                 <div[39m
[31m+                   class="calendar-heading"[39m
[31m+                   data-v-060c96e1=""[39m
[31m+                 >[39m
[31m+                   <button[39m
[31m+                     aria-label="이전 달"[39m
[31m+                     data-v-060c96e1=""[39m
[31m+                     type="button"[39m
[31m+                   >[39m
[31m+                     ‹[39m
[31m+                   </button>[39m
[31m+                   <strong[39m
[31m+                     aria-live="polite"[39m
[31m+                     data-v-060c96e1=""[39m
[31m+                   >[39m
[31m+                     2026년 10월[39m
[31m+                   </strong>[39m
[31m+                   <button[39m
[31m+                     aria-label="다음 달"[39m
[31m+                     data-v-060c96e1=""[39m
[31m+                     type="button"[39m
[31m+                   >[39m
[31m+                     ›[39m
[31m+                   </button>[39m
[31m+                 </div>[39m
[31m+                 <div[39m
[31m+                   aria-hidden="true"[39m
[31m+                   class="calendar-weekdays"[39m
[31m+                   data-v-060c96e1=""[39m
[31m+                 >[39m
[31m+                   [39m
[31m+                   <span[39m
[31m+                     data-v-060c96e1=""[39m
[31m+                   >[39m
[31m+                     일[39m
[31m+                   </span>[39m
[31m+                   <span[39m
[31m+                     data-v-060c96e1=""[39m
[31m+                   >[39m
[31m+                     월[39m
[31m+                   </span>[39m
[31m+                   <span[39m
[31m+                     data-v-060c96e1=""[39m
[31m+                   >[39m
[31m+                     화[39m
[31m+                   </span>[39m
[31m+                   <span[39m
[31m+                     data-v-060c96e1=""[39m
[31m+                   >[39m
[31m+                     수[39m
[31m+                   </span>[39m
[31m+                   <span[39m
[31m+                     data-v-060c96e1=""[39m
[31m+                   >[39m
[31m+                     목[39m
[31m+                   </span>[39m
[31m+                   <span[39m
[31m+                     data-v-060c96e1=""[39m
[31m+                   >[39m
[31m+                     금[39m
[31m+                   </span>[39m
[31m+                   <span[39m
[31m+                     data-v-060c96e1=""[39m
[31m+                   >[39m
[31m+                     토[39m
[31m+                   </span>[39m
[31m+                   [39m
[31m+                 </div>[39m
[31m+                 <div[39m
[31m+                   aria-label="2026년 10월 날짜"[39m
[31m+                   class="calendar-days"[39m
[31m+                   data-v-060c96e1=""[39m
[31m+                   role="group"[39m
[31m+                 >[39m
[31m+                   [39m
[31m+                   <span[39m
[31m+                     data-v-060c96e1=""[39m
[31m+                   />[39m
[31m+                   <span[39m
[31m+                     data-v-060c96e1=""[39m
[31m+                   />[39m
[31m+                   <span[39m
[31m+                     data-v-060c96e1=""[39m
[31m+                   />[39m
[31m+                   <span[39m
[31m+                     data-v-060c96e1=""[39m
[31m+                   />[39m
[31m+                   [39m
[31m+                   [39m
[31m+                   <button[39m
[31m+                     aria-label="2026년 10월 1일"[39m
[31m+                     aria-pressed="false"[39m
[31m+                     data-day="1"[39m
[31m+                     data-v-060c96e1=""[39m
[31m+                     tabindex="-1"[39m
[31m+                     type="button"[39m
[31m+                   >[39m
[31m+                     1[39m
[31m+                   </button>[39m
[31m+                   <button[39m
[31m+                     aria-label="2026년 10월 2일"[39m
[31m+                     aria-pressed="false"[39m
[31m+                     data-day="2"[39m
[31m+                     data-v-060c96e1=""[39m
[31m+                     tabindex="-1"[39m
[31m+                     type="button"[39m
[31m+                   >[39m
[31m+                     2[39m
[31m+                   </button>[39m
[2m                    <button[22m
[31m+                     aria-label="2026년 10월 3일"[39m
[31m+                     aria-pressed="false"[39m
[31m+                     data-day="3"[39m
[31m+                     data-v-060c96e1=""[39m
[31m+                     tabindex="-1"[39m
[31m+                     type="button"[39m
[31m+                   >[39m
[31m+                     3[39m
[31m+                   </button>[39m
[31m+                   <button[39m
[31m+                     aria-label="2026년 10월 4일"[39m
[31m+                     aria-pressed="false"[39m
[31m+                     data-day="4"[39m
[31m+                     data-v-060c96e1=""[39m
[31m+                     tabindex="-1"[39m
[31m+                     type="button"[39m
[31m+                   >[39m
[31m+                     4[39m
[31m+                   </button>[39m
[31m+                   <button[39m
[31m+                     aria-label="2026년 10월 5일"[39m
[31m+                     aria-pressed="false"[39m
[31m+                     data-day="5"[39m
[31m+                     data-v-060c96e1=""[39m
[31m+                     tabindex="-1"[39m
[31m+                     type="button"[39m
[31m+                   >[39m
[31m+                     5[39m
[31m+                   </button>[39m
[31m+                   <button[39m
[31m+                     aria-label="2026년 10월 6일"[39m
[31m+                     aria-pressed="false"[39m
[31m+                     data-day="6"[39m
[31m+                     data-v-060c96e1=""[39m
[31m+                     tabindex="-1"[39m
[31m+                     type="button"[39m
[31m+                   >[39m
[31m+                     6[39m
[31m+                   </button>[39m
[31m+                   <button[39m
[2m                      aria-label="2026년 10월 7일"[22m
[2m                      aria-pressed="true"[22m
[2m                      data-day="7"[22m
[2m                      data-v-060c96e1=""[22m
[2m                      tabindex="0"[22m
[2m                      type="button"[22m
[2m                    >[22m
[2m                      7[22m
[31m+                   </button>[39m
[31m+                   <button[39m
[31m+                     aria-current="date"[39m
[31m+                     aria-label="2026년 10월 8일"[39m
[31m+                     aria-pressed="false"[39m
[31m+                     data-day="8"[39m
[31m+                     data-v-060c96e1=""[39m
[31m+                     tabindex="-1"[39m
[31m+                     type="button"[39m
[31m+                   >[39m
[31m+                     8[39m
[31m+                   </button>[39m
[31m+                   <button[39m
[31m+                     aria-label="2026년 10월 9일"[39m
[31m+                     aria-pressed="false"[39m
[31m+                     data-day="9"[39m
[31m+                     data-v-060c96e1=""[39m
[31m+                     tabindex="-1"[39m
[31m+                     type="button"[39m
[31m+                   >[39m
[31m+                     9[39m
[31m+                   </button>[39m
[31m+                   <button[39m
[31m+                     aria-label="2026년 10월 10일"[39m
[31m+                     aria-pressed="false"[39m
[31m+                     data-day="10"[39m
[31m+                     data-v-060c96e1=""[39m
[31m+                     tabindex="-1"[39m
[31m+                     type="button"[39m
[31m+                   >[39m
[31m+                     10[39m
[31m+                   </button>[39m
[31m+                   <button[39m
[31m+                     aria-label="2026년 10월 11일"[39m
[31m+                     aria-pressed="false"[39m
[31m+                     data-day="11"[39m
[31m+                     data-v-060c96e1=""[39m
[31m+                     tabindex="-1"[39m
[31m+                     type="button"[39m
[31m+                   >[39m
[31m+                     11[39m
[31m+                   </button>[39m
[31m+                   <button[39m
[31m+                     aria-label="2026년 10월 12일"[39m
[31m+                     aria-pressed="false"[39m
[31m+                     data-day="12"[39m
[31m+                     data-v-060c96e1=""[39m
[31m+                     tabindex="-1"[39m
[31m+                     type="button"[39m
[31m+                   >[39m
[31m+                     12[39m
[31m+                   </button>[39m
[31m+                   <button[39m
[31m+                     aria-label="2026년 10월 13일"[39m
[31m+                     aria-pressed="false"[39m
[31m+                     data-day="13"[39m
[31m+                     data-v-060c96e1=""[39m
[31m+                     tabindex="-1"[39m
[31m+                     type="button"[39m
[31m+                   >[39m
[31m+                     13[39m
[31m+                   </button>[39m
[31m+                   <button[39m
[31m+                     aria-label="2026년 10월 14일"[39m
[31m+                     aria-pressed="false"[39m
[31m+                     data-day="14"[39m
[31m+                     data-v-060c96e1=""[39m
[31m+                     tabindex="-1"[39m
[31m+                     type="button"[39m
[31m+                   >[39m
[31m+                     14[39m
[31m+                   </button>[39m
[31m+                   <button[39m
[31m+                     aria-label="2026년 10월 15일"[39m
[31m+                     aria-pressed="false"[39m
[31m+                     data-day="15"[39m
[31m+                     data-v-060c96e1=""[39m
[31m+                     tabindex="-1"[39m
[31m+                     type="button"[39m
[31m+                   >[39m
[31m+                     15[39m
[31m+                   </button>[39m
[31m+                   <button[39m
[31m+                     aria-label="2026년 10월 16일"[39m
[31m+                     aria-pressed="false"[39m
[31m+                     data-day="16"[39m
[31m+                     data-v-060c96e1=""[39m
[31m+                     tabindex="-1"[39m
[31m+                     type="button"[39m
[31m+                   >[39m
[31m+                     16[39m
[31m+                   </button>[39m
[31m+                   <button[39m
[31m+                     aria-label="2026년 10월 17일"[39m
[31m+                     aria-pressed="false"[39m
[31m+                     data-day="17"[39m
[31m+                     data-v-060c96e1=""[39m
[31m+                     tabindex="-1"[39m
[31m+                     type="button"[39m
[31m+                   >[39m
[31m+                     17[39m
[31m+                   </button>[39m
[31m+                   <button[39m
[31m+                     aria-label="2026년 10월 18일"[39m
[31m+                     aria-pressed="false"[39m
[31m+                     data-day="18"[39m
[31m+                     data-v-060c96e1=""[39m
[31m+                     tabindex="-1"[39m
[31m+                     type="button"[39m
[31m+                   >[39m
[31m+                     18[39m
[2m                    </button>[22m
[31m+                   <button[39m
[31m+                     aria-label="2026년 10월 19일"[39m
[31m+                     aria-pressed="false"[39m
[31m+                     data-day="19"[39m
[31m+                     data-v-060c96e1=""[39m
[31m+                     tabindex="-1"[39m
[31m+                     type="button"[39m
[31m+                   >[39m
[31m+                     19[39m
[31m+                   </button>[39m
[31m+                   <button[39m
[31m+                     aria-label="2026년 10월 20일"[39m
[31m+                     aria-pressed="false"[39m
[31m+                     data-day="20"[39m
[31m+                     data-v-060c96e1=""[39m
[31m+                     tabindex="-1"[39m
[31m+                     type="button"[39m
[31m+                   >[39m
[31m+                     20[39m
[31m+                   </button>[39m
[31m+                   <button[39m
[31m+                     aria-label="2026년 10월 21일"[39m
[31m+                     aria-pressed="false"[39m
[31m+                     data-day="21"[39m
[31m+                     data-v-060c96e1=""[39m
[31m+                     tabindex="-1"[39m
[31m+                     type="button"[39m
[31m+                   >[39m
[31m+                     21[39m
[31m+                   </button>[39m
[31m+                   <button[39m
[31m+                     aria-label="2026년 10월 22일"[39m
[31m+                     aria-pressed="false"[39m
[31m+                     data-day="22"[39m
[31m+                     data-v-060c96e1=""[39m
[31m+                     tabindex="-1"[39m
[31m+                     type="button"[39m
[31m+                   >[39m
[31m+                     22[39m
[31m+                   </button>[39m
[31m+                   <button[39m
[31m+                     aria-label="2026년 10월 23일"[39m
[31m+                     aria-pressed="false"[39m
[31m+                     data-day="23"[39m
[31m+                     data-v-060c96e1=""[39m
[31m+                     tabindex="-1"[39m
[31m+                     type="button"[39m
[31m+                   >[39m
[31m+                     23[39m
[31m+                   </button>[39m
[31m+                   <button[39m
[31m+                     aria-label="2026년 10월 24일"[39m
[31m+                     aria-pressed="false"[39m
[31m+                     data-day="24"[39m
[31m+                     data-v-060c96e1=""[39m
[31m+                     tabindex="-1"[39m
[31m+                     type="button"[39m
[31m+                   >[39m
[31m+                     24[39m
[31m+                   </button>[39m
[31m+                   <button[39m
[31m+                     aria-label="2026년 10월 25일"[39m
[31m+                     aria-pressed="false"[39m
[31m+                     data-day="25"[39m
[31m+                     data-v-060c96e1=""[39m
[31m+                     tabindex="-1"[39m
[31m+                     type="button"[39m
[31m+                   >[39m
[31m+                     25[39m
[31m+                   </button>[39m
[31m+                   <button[39m
[31m+                     aria-label="2026년 10월 26일"[39m
[31m+                     aria-pressed="false"[39m
[31m+                     data-day="26"[39m
[31m+                     data-v-060c96e1=""[39m
[31m+                     tabindex="-1"[39m
[31m+                     type="button"[39m
[31m+                   >[39m
[31m+                     26[39m
[31m+                   </button>[39m
[31m+                   <button[39m
[31m+                     aria-label="2026년 10월 27일"[39m
[31m+                     aria-pressed="false"[39m
[31m+                     data-day="27"[39m
[31m+                     data-v-060c96e1=""[39m
[31m+                     tabindex="-1"[39m
[31m+                     type="button"[39m
[31m+                   >[39m
[31m+                     27[39m
[31m+                   </button>[39m
[31m+                   <button[39m
[31m+                     aria-label="2026년 10월 28일"[39m
[31m+                     aria-pressed="false"[39m
[31m+                     data-day="28"[39m
[31m+                     data-v-060c96e1=""[39m
[31m+                     tabindex="-1"[39m
[31m+                     type="button"[39m
[31m+                   >[39m
[31m+                     28[39m
[31m+                   </button>[39m
[31m+                   <button[39m
[31m+                     aria-label="2026년 10월 29일"[39m
[31m+                     aria-pressed="false"[39m
[31m+                     data-day="29"[39m
[31m+                     data-v-060c96e1=""[39m
[31m+                     tabindex="-1"[39m
[31m+                     type="button"[39m
[31m+                   >[39m
[31m+                     29[39m
[31m+                   </button>[39m
[31m+                   <button[39m
[31m+                     aria-label="2026년 10월 30일"[39m
[31m+                     aria-pressed="false"[39m
[31m+                     data-day="30"[39m
[31m+                     data-v-060c96e1=""[39m
[31m+                     tabindex="-1"[39m
[31m+                     type="button"[39m
[31m+                   >[39m
[31m+                     30[39m
[31m+                   </button>[39m
[31m+                   <button[39m
[31m+                     aria-label="2026년 10월 31일"[39m
[31m+                     aria-pressed="false"[39m
[31m+                     data-day="31"[39m
[31m+                     data-v-060c96e1=""[39m
[31m+                     tabindex="-1"[39m
[31m+                     type="button"[39m
[31m+                   >[39m
[31m+                     31[39m
[31m+                   </button>[39m
[31m+                   [39m
[31m+                 </div>[39m
[31m+                 <div[39m
[31m+                   class="calendar-footer"[39m
[31m+                   data-v-060c96e1=""[39m
[31m+                 >[39m
[31m+                   <span[39m
[31m+                     data-v-060c96e1=""[39m
[31m+                   >[39m
[31m+                     시각은 입력한 시·분을 유지합니다.[39m
[31m+                   </span>[39m
[31m+                   <button[39m
[31m+                     data-v-060c96e1=""[39m
[31m+                     type="button"[39m
[31m+                   >[39m
[31m+                     닫기[39m
[31m+                   </button>[39m
[31m+                 </div>[39m
[31m+               </div>[39m
[31m+             </div>[39m
[31m+             <!--v-if-->[39m
[31m+           </div>[39m
[31m+           <div[39m
[31m+             class="field"[39m
[31m+             data-v-3591b8ac=""[39m
[31m+           >[39m
[31m+             <div[39m
[31m+               class="recruitment-datetime"[39m
[31m+               data-v-060c96e1=""[39m
[31m+               data-v-3591b8ac=""[39m
[31m+             >[39m
[31m+               <label[39m
[31m+                 data-v-060c96e1=""[39m
[31m+                 for="admin-deadLineDate"[39m
[31m+               >[39m
[31m+                 모집 마감[39m
[31m+               </label>[39m
[31m+               <div[39m
[31m+                 class="datetime-input-row"[39m
[31m+                 data-v-060c96e1=""[39m
[31m+               >[39m
[31m+                 <input[39m
[31m+                   data-v-060c96e1=""[39m
[31m+                   id="admin-deadLineDate"[39m
[31m+                   required=""[39m
[31m+                   step="60"[39m
[31m+                   type="datetime-local"[39m
[31m+                   value="2026-10-31T18:30"[39m
[31m+                 />[39m
[31m+                 <button[39m
[31m+                   aria-controls="admin-deadLineDate-calendar"[39m
[31m+                   aria-expanded="false"[39m
[31m+                   aria-label="모집 마감 달력 열기"[39m
[31m+                   class="calendar-trigger"[39m
[31m+                   data-v-060c96e1=""[39m
[31m+                   type="button"[39m
[31m+                 >[39m
[31m+                   <span[39m
[31m+                     aria-hidden="true"[39m
[31m+                     data-v-060c96e1=""[39m
[31m+                   >[39m
[31m+                     달력[39m
[31m+                   </span>[39m
[31m+                 </button>[39m
[31m+               </div>[39m
[31m+               <!--v-if-->[39m
[31m+             </div>[39m
[31m+             <!--v-if-->[39m
[31m+           </div>[39m
[31m+           [39m
[31m+         </div>[39m
[31m+         <fieldset[39m
[31m+           class="compensation-fields field"[39m
[31m+           data-v-3591b8ac=""[39m
[31m+         >[39m
[31m+           <legend>[39m
[31m+             연봉 (선택)[39m
[31m+           </legend>[39m
[31m+           [39m
[31m+           <label[39m
[31m+             for="admin-payment-salary-status"[39m
[31m+           >[39m
[31m+             연봉 공개 여부[39m
[31m+           </label>[39m
[31m+           <select[39m
[31m+             id="admin-payment-salary-status"[39m
[31m+             value="UNDISCLOSED"[39m
[31m+           >[39m
[31m+             <option[39m
[31m+               value="UNDISCLOSED"[39m
[31m+             >[39m
[31m+               미공개[39m
[31m+             </option>[39m
[31m+             <option[39m
[31m+               value="NEGOTIABLE"[39m
[31m+             >[39m
[31m+               협의[39m
[31m+             </option>[39m
[31m+             <option[39m
[31m+               value="DISCLOSED"[39m
[31m+             >[39m
[31m+               금액 공개[39m
[31m+             </option>[39m
[31m+           </select>[39m
[31m+           [39m
[31m+           <!--v-if-->[39m
[31m+           <p[39m
[31m+             class="field-hint"[39m
[31m+           >[39m
[31m+             원문에서 확인한 세전 연봉을 만원 단위로 입력하세요. 비공개·협의는 금액을 저장하지 않습니다.[39m
[31m+           </p>[39m
[31m+         </fieldset>[39m
[31m+         <!--v-if-->[39m
[31m+         <!--v-if-->[39m
[31m+       </fieldset>[39m
[31m+       <fieldset[39m
[31m+         class="announcement-form-section"[39m
[31m+         data-v-3591b8ac=""[39m
[31m+       >[39m
[31m+         <legend[39m
[31m+           data-v-3591b8ac=""[39m
[31m+         >[39m
[31m+           공고 내용[39m
[31m+         </legend>[39m
[31m+         <p[39m
[31m+           class="section-help"[39m
[31m+           data-v-3591b8ac=""[39m
[31m+         >[39m
[31m+           지원자가 확인할 상세 내용과 선택 이미지를 정리하세요.[39m
[31m+         </p>[39m
[31m+         <div[39m
[31m+           class="field"[39m
[31m+           data-v-3591b8ac=""[39m
[31m+         >[39m
[31m+           <section[39m
[31m+             aria-labelledby="admin-content-label"[39m
[31m+             class="announcement-editor"[39m
[31m+             data-v-3591b8ac=""[39m
[31m+           >[39m
[31m+             <div[39m
[31m+               class="body-editor-heading"[39m
[31m+             >[39m
[31m+               <div>[39m
[31m+                 <label[39m
[31m+                   for="admin-content"[39m
[31m+                   id="admin-content-label"[39m
[31m+                 >[39m
[31m+                   상세 내용[39m
[31m+                 </label>[39m
[31m+                 <p>[39m
[31m+                   원문에서 확인한 핵심 내용을 정리해 주세요.[39m
[31m+                 </p>[39m
[31m+               </div>[39m
[31m+               <div[39m
[31m+                 aria-label="본문 보기"[39m
[31m+                 class="body-editor-tabs"[39m
[31m+                 role="group"[39m
[31m+               >[39m
[31m+                 <button[39m
[31m+                   aria-pressed="true"[39m
[31m+                   type="button"[39m
[31m+                 >[39m
[31m+                   작성[39m
[31m+                 </button>[39m
[31m+                 <button[39m
[31m+                   aria-pressed="false"[39m
[31m+                   type="button"[39m
[31m+                 >[39m
[31m+                   미리보기[39m
[31m+                 </button>[39m
[31m+               </div>[39m
[31m+             </div>[39m
[31m+             <div>[39m
[31m+               <div[39m
[31m+                 aria-label="본문 서식"[39m
[31m+                 class="body-toolbar"[39m
[31m+                 role="group"[39m
[31m+               >[39m
[31m+                 <button[39m
[31m+                   aria-pressed="false"[39m
[31m+                   type="button"[39m
[31m+                 >[39m
[31m+                   제목[39m
[31m+                 </button>[39m
[31m+                 <button[39m
[31m+                   aria-pressed="false"[39m
[31m+                   type="button"[39m
[31m+                 >[39m
[31m+                   <b>[39m
[31m+                     굵게[39m
[31m+                   </b>[39m
[31m+                 </button>[39m
[31m+                 <button[39m
[31m+                   aria-pressed="false"[39m
[31m+                   type="button"[39m
[31m+                 >[39m
[31m+                   목록[39m
[31m+                 </button>[39m
[31m+                 <button[39m
[31m+                   type="button"[39m
[31m+                 >[39m
[31m+                   링크[39m
[31m+                 </button>[39m
[31m+                 <button[39m
[31m+                   type="button"[39m
[31m+                 >[39m
[31m+                   이미지 추가[39m
[31m+                 </button>[39m
[31m+                 <button[39m
[31m+                   disabled=""[39m
[31m+                   type="button"[39m
[31m+                 >[39m
[31m+                   되돌리기[39m
[31m+                 </button>[39m
[31m+                 <button[39m
[31m+                   data-test="body-template"[39m
[31m+                   type="button"[39m
[31m+                 >[39m
[31m+                   채용 항목 추가[39m
[31m+                 </button>[39m
[31m+               </div>[39m
[31m+               <!--v-if-->[39m
[31m+               <div>[39m
[31m+                 <div[39m
[31m+                   aria-labelledby="admin-content-label"[39m
[31m+                   aria-multiline="true"[39m
[31m+                   class="tiptap ProseMirror body-editor-content"[39m
[31m+                   contenteditable="true"[39m
[31m+                   id="admin-content"[39m
[31m+                   role="textbox"[39m
[31m+                   tabindex="0"[39m
[31m+                   translate="no"[39m
[31m+                 >[39m
[31m+                   <p>[39m
[31m+                     지원 안내[39m
[31m+                   </p>[39m
[31m+                 </div>[39m
[31m+               </div>[39m
[31m+               <input[39m
[31m+                 accept="image/jpeg,image/png"[39m
[31m+                 aria-label="본문 이미지 파일"[39m
[31m+                 class="body-image-input"[39m
[31m+                 id="admin-content-images"[39m
[31m+                 multiple=""[39m
[31m+                 type="file"[39m
[31m+               />[39m
[31m+               <p[39m
[31m+                 class="body-editor-help"[39m
[31m+               >[39m
[31m+                 텍스트를 붙여넣으면 서식을 정돈합니다. 이미지는 붙여넣기·드래그 또는 파일 선택으로 추가하세요. JPEG·PNG, 각 5MB, 최대 10개. 대표 이미지 포함 합계 9MB 이하.[39m
[31m+               </p>[39m
[31m+             </div>[39m
[31m+             <!--v-if-->[39m
[31m+             <!--v-if-->[39m
[31m+           </section>[39m
[31m+           <!--v-if-->[39m
[31m+         </div>[39m
[31m+         <div[39m
[31m+           class="field"[39m
[31m+           data-v-3591b8ac=""[39m
[31m+         >[39m
[31m+           <label[39m
[31m+             data-v-3591b8ac=""[39m
[31m+             for="admin-image"[39m
[31m+           >[39m
[31m+             공고 이미지 (선택)[39m
[31m+           </label>[39m
[31m+           <!--v-if-->[39m
[31m+           <input[39m
[31m+             accept="image/jpeg,image/png"[39m
[31m+             data-v-3591b8ac=""[39m
[31m+             id="admin-image"[39m
[31m+             type="file"[39m
[31m+           />[39m
[31m+           <p[39m
[31m+             class="field-hint"[39m
[31m+             data-v-3591b8ac=""[39m
[31m+           >[39m
[31m+             선택하지 않으면 기존 이미지를 유지합니다.[39m
[31m+           </p>[39m
[31m+           <!--v-if-->[39m
[31m+         </div>[39m
[31m+       </fieldset>[39m
[31m+       <fieldset[39m
[31m+         class="announcement-form-section"[39m
[31m+         data-v-3591b8ac=""[39m
[31m+       >[39m
[31m+         <legend[39m
[31m+           data-v-3591b8ac=""[39m
[31m+         >[39m
[31m+           출처·지원[39m
[31m+         </legend>[39m
[31m+         <p[39m
[31m+           class="section-help"[39m
[31m+           data-v-3591b8ac=""[39m
[31m+         >[39m
[31m+           원문 주소와 지원 주소를 확인하세요. 지원 주소를 비우면 원문으로 연결됩니다.[39m
[31m+         </p>[39m
[31m+         <div[39m
[31m+           class="form-grid"[39m
[31m+           data-v-3591b8ac=""[39m
[31m+         >[39m
[31m+           <div[39m
[31m+             class="field"[39m
[31m+             data-v-3591b8ac=""[39m
[31m+           >[39m
[31m+             <label[39m
[31m+               data-v-3591b8ac=""[39m
[31m+               for="admin-accessUrl"[39m
[31m+             >[39m
[31m+               원문 공고 URL[39m
[31m+             </label>[39m
[31m+             <input[39m
[31m+               aria-invalid="false"[39m
[31m+               data-v-3591b8ac=""[39m
[31m+               id="admin-accessUrl"[39m
[31m+               required=""[39m
[31m+               type="url"[39m
[31m+             />[39m
[31m+             <!--v-if-->[39m
[31m+           </div>[39m
[31m+           <div[39m
[31m+             class="field"[39m
[31m+             data-v-3591b8ac=""[39m
[31m+           >[39m
[31m+             <label[39m
[31m+               data-v-3591b8ac=""[39m
[31m+               for="admin-apply-url"[39m
[31m+             >[39m
[31m+               지원 URL (선택)[39m
[31m+             </label>[39m
[31m+             <input[39m
[31m+               aria-label="지원 URL (선택)"[39m
[31m+               data-v-3591b8ac=""[39m
[31m+               id="admin-apply-url"[39m
[31m+               type="url"[39m
[31m+             />[39m
[31m+             <!--v-if-->[39m
[31m+           </div>[39m
[31m+           <div[39m
[31m+             class="field"[39m
[31m+             data-v-3591b8ac=""[39m
[31m+           >[39m
[31m+             <label[39m
[31m+               data-v-3591b8ac=""[39m
[31m+               for="admin-source"[39m
[31m+             >[39m
[31m+               출처 이름[39m
[31m+             </label>[39m
[31m+             <input[39m
[31m+               aria-label="출처 이름"[39m
[31m+               data-v-3591b8ac=""[39m
[31m+               id="admin-source"[39m
[31m+               maxlength="255"[39m
[31m+               placeholder="예: 회사 채용 홈페이지"[39m
[31m+             />[39m
[31m+           </div>[39m
[31m+           <div[39m
[31m+             class="field"[39m
[31m+             data-v-3591b8ac=""[39m
[31m+           >[39m
[31m+             <label[39m
[31m+               data-v-3591b8ac=""[39m
[31m+               for="admin-source-id"[39m
[31m+             >[39m
[31m+               원문 식별값 (선택)[39m
[31m+             </label>[39m
[31m+             <input[39m
[31m+               data-v-3591b8ac=""[39m
[31m+               id="admin-source-id"[39m
[31m+               maxlength="255"[39m
[31m+               placeholder="원문 사이트의 공고 번호"[39m
[31m+             />[39m
[31m+           </div>[39m
[31m+         </div>[39m
[31m+         <div[39m
[31m+           class="field"[39m
[31m+           data-v-3591b8ac=""[39m
[31m+         >[39m
[31m+           <label[39m
[31m+             data-v-3591b8ac=""[39m
[31m+           >[39m
[31m+             <input[39m
[31m+               data-v-3591b8ac=""[39m
[31m+               type="checkbox"[39m
[31m+             />[39m
[31m+              원문 내용을 직접 확인했습니다[39m
[31m+           </label>[39m
[31m+           <p[39m
[31m+             class="field-hint"[39m
[31m+             data-v-3591b8ac=""[39m
[31m+           >[39m
[31m+             저장할 때 확인 시각을 기록합니다. 원문 주소를 바꾸면 다시 확인하세요.[39m
[31m+           </p>[39m
[31m+         </div>[39m
[31m+       </fieldset>[39m
[31m+       <fieldset[39m
[31m+         class="announcement-form-section"[39m
[31m+         data-v-3591b8ac=""[39m
[31m+       >[39m
[31m+         <legend[39m
[31m+           data-v-3591b8ac=""[39m
[31m+         >[39m
[31m+           게시 설정[39m
[31m+         </legend>[39m
[31m+         <p[39m
[31m+           class="section-help"[39m
[31m+           data-v-3591b8ac=""[39m
[31m+         >[39m
[31m+           입력을 마친 뒤 공개 여부와 모집 종료 여부를 확인하세요.[39m
[31m+         </p>[39m
[31m+         <div[39m
[31m+           class="form-grid"[39m
[31m+           data-v-3591b8ac=""[39m
[31m+         >[39m
[31m+           <div[39m
[31m+             class="field"[39m
[31m+             data-v-3591b8ac=""[39m
[31m+           >[39m
[31m+             <label[39m
[31m+               data-v-3591b8ac=""[39m
[31m+               for="admin-publication"[39m
[31m+             >[39m
[31m+               게시 상태[39m
[31m+             </label>[39m
[31m+             <select[39m
[31m+               aria-label="게시 상태"[39m
[31m+               data-v-3591b8ac=""[39m
[31m+               id="admin-publication"[39m
[31m+             >[39m
[31m+               [39m
[31m+               <option[39m
[31m+                 data-v-3591b8ac=""[39m
[31m+                 value="DRAFT"[39m
[31m+               >[39m
[31m+                 초안[39m
[31m+               </option>[39m
[31m+               <option[39m
[31m+                 data-v-3591b8ac=""[39m
[31m+                 value="REVIEW"[39m
[31m+               >[39m
[31m+                 검토 중[39m
[31m+               </option>[39m
[31m+               <option[39m
[31m+                 data-v-3591b8ac=""[39m
[31m+                 value="PUBLISHED"[39m
[31m+               >[39m
[31m+                 공개[39m
[31m+               </option>[39m
[31m+               <option[39m
[31m+                 data-v-3591b8ac=""[39m
[31m+                 value="HIDDEN"[39m
[31m+               >[39m
[31m+                 비공개[39m
[31m+               </option>[39m
[31m+               [39m
[31m+             </select>[39m
[31m+             <p[39m
[31m+               class="field-hint"[39m
[31m+               data-v-3591b8ac=""[39m
[31m+             >[39m
[31m+               공개 상태만 서비스에 표시됩니다. 모집 마감과 게시 상태는 별개입니다.[39m
[31m+             </p>[39m
[31m+           </div>[39m
[31m+           <div[39m
[31m+             class="field"[39m
[31m+             data-v-3591b8ac=""[39m
[31m+           >[39m
[31m+             <label[39m
[31m+               data-v-3591b8ac=""[39m
[31m+             >[39m
[31m+               <input[39m
[31m+                 data-v-3591b8ac=""[39m
[31m+                 type="checkbox"[39m
[31m+               />[39m
[31m+                모집 종료 (수동 마감)[39m
[31m+             </label>[39m
[31m+             <p[39m
[31m+               class="field-hint"[39m
[31m+               data-v-3591b8ac=""[39m
[31m+             >[39m
[31m+               공개 상태는 유지하고 모집 중 검색에서 제외합니다.[39m
[31m+             </p>[39m
[31m+           </div>[39m
[31m+         </div>[39m
[31m+       </fieldset>[39m
[31m+       <!--v-if-->[39m
[31m+       <div[39m
[31m+         class="form-actions"[39m
[31m+         data-v-3591b8ac=""[39m
[31m+       >[39m
[31m+         <a[39m
[31m+           class="button button-secondary"[39m
[31m+           data-v-3591b8ac=""[39m
[31m+         >[39m
[31m+           [39m
[31m+           취소[39m
[31m+           [39m
[31m+         </a>[39m
[31m+         <button[39m
[31m+           class="button button-primary"[39m
[31m+           data-v-3591b8ac=""[39m
[31m+           type="submit"[39m
[31m+         >[39m
[31m+           변경 저장[39m
[31m+         </button>[39m
[31m+       </div>[39m
[31m+     </form>[39m
[31m+     <section[39m
[31m+       aria-labelledby="publication-history-title"[39m
[31m+       class="publication-history"[39m
[31m+       data-v-3591b8ac=""[39m
[31m+     >[39m
[31m+       <header[39m
[31m+         class="publication-history-heading"[39m
[31m+         data-v-3591b8ac=""[39m
[31m+       >[39m
[31m+         <h3[39m
[31m+           data-v-3591b8ac=""[39m
[31m+           id="publication-history-title"[39m
[31m+         >[39m
[31m+           변경 이력[39m
[31m+         </h3>[39m
[31m+         <button[39m
[31m+           class="button button-secondary"[39m
[31m+           data-v-3591b8ac=""[39m
[31m+           type="button"[39m
[31m+         >[39m
[31m+           이력 보기[39m
[31m+         </button>[39m
[31m+       </header>[39m
[31m+       <!--v-if-->[39m
[31m+       <!--v-if-->[39m
[31m+       <!--v-if-->[39m
[31m+     </section>[39m
[31m+     [39m
[31m+     [39m
[31m+   </div>[39m
[31m+ </body>[39m

[36m [2m❯[22m tests/unit/AdminOperations.spec.js:[2m156:34[22m[39m
    [90m154|[39m   const dialog = wrapper.get('[role="dialog"][aria-label="모집 시작 날짜 선택"…
    [90m155|[39m   expect(dialog.get('[aria-label="2026년 10월 7일"]').attributes('aria-pr…
    [90m156|[39m   expect(document.activeElement).toBe(dialog.get('[aria-label="2026년 1…
    [90m   |[39m                                  [31m^[39m
    [90m157|[39m   await dialog.get('[aria-label="다음 달"]').trigger('click');
    [90m158|[39m   await dialog.get('[aria-label="2026년 11월 1일"]').trigger('click');

[31m[2m⎯⎯⎯⎯⎯⎯⎯⎯⎯⎯⎯⎯⎯⎯⎯⎯⎯⎯⎯⎯⎯⎯⎯⎯[1/1]⎯[22m[39m

